<?xml version="1.0" encoding="ISO-8859-1"?>
<!DOCTYPE metadata SYSTEM "http://www.fgdc.gov/metadata/fgdc-std-001-1998.dtd">
<metadata>
	<idinfo>
		<citation>
			<citeinfo>
				<origin>New York State Office of Cyber Security &amp; Critical Infrastructure Coordination (CSCIC)</origin>
				<pubdate>201010</pubdate>
				<title Sync="TRUE">CityTown</title>
				<geoform Sync="TRUE">vector digital data</geoform>
				<pubinfo>
					<pubplace>Albany, NY</pubplace>
					<publish>New York State Office of Cyber Security and Critical Infrastructure Coordination (CSCIC)</publish>
				</pubinfo>
				<onlink Sync="TRUE">\\cscic.state.ny.us.local\CSCIC$\GroupFiles\GIS\ALIS_Maintenance\Clearinghouse\shapefiles\unzipped_shp\CityTown.shp</onlink>
				<ftname Sync="TRUE">CityTown</ftname></citeinfo>
		</citation>
		<descript>
			<abstract>A vector file of New York State incorporated city and town boundaries.</abstract>
			<purpose>A boundary related layer suitable for use in a GIS.</purpose>
			<supplinf>This data was created as part of the Accident Location Information System (ALIS) project.  A major component of the ALIS Project was the creation of up-to-date statewide Geographic Information System (GIS) files.</supplinf>
			<langdata Sync="TRUE">en</langdata></descript>
		<timeperd>
			<timeinfo>
				<sngdate>
					<caldate>201010</caldate>
					<time>unknown</time>
				</sngdate>
			</timeinfo>
			<current>publication date</current>
		</timeperd>
		<status>
			<progress>Complete</progress>
			<update>Continually, as needed</update>
		</status>
		<spdom>
			<bounding>
				<westbc Sync="TRUE">-79.996913</westbc>
				<eastbc Sync="TRUE">-71.450261</eastbc>
				<northbc Sync="TRUE">45.022739</northbc>
				<southbc Sync="TRUE">40.385784</southbc>
			</bounding>
			<lboundng><leftbc Sync="TRUE">105571.420678</leftbc><rightbc Sync="TRUE">779932.062662</rightbc><bottombc Sync="TRUE">4480951.235681</bottombc><topbc Sync="TRUE">4985476.422251</topbc></lboundng></spdom>
		<keywords>
			<theme>
				<themekt>None</themekt>
				<themekey>ALIS</themekey>
				<themekey>Accident Location Information System</themekey>
				<themekey>boundary</themekey>
				<themekey>city</themekey>
				<themekey>town</themekey>
				<themekey>incorporated</themekey>
			</theme>
		</keywords>
		<ptcontac>
			<cntinfo>
				<cntorgp>
					<cntorg>NYS Office of Cyber Security &amp; Critical Infrastructure Coordination (CSCIC)</cntorg>
				</cntorgp>
				<cntaddr>
					<addrtype>mailing and physical address</addrtype>
					<address>30 South Pearl Street</address>
					<address>11th Floor</address>
					<city>Albany</city>
					<state>NY</state>
					<postal>12207</postal>
					<country>USA</country>
				</cntaddr>
				<cntvoice>(518) 474-5212</cntvoice>
				<cntfax>(518) 473-5848</cntfax>
				<cntemail>nysgis@cscic.state.ny.us</cntemail>
			</cntinfo>
		</ptcontac>
		<browse>
			<browsen>None</browsen>
			<browsed>None</browsed>
			<browset>None</browset>
		</browse>
		<native Sync="TRUE">Microsoft Windows XP Version 5.1 (Build 2600) Service Pack 3; ESRI ArcCatalog 9.3.1.3000</native>
		<natvform Sync="TRUE">Shapefile</natvform><accconst>This GIS Data and derivative products are copyright protected and have been licensed to CSCIC.  Under its license, CSCIC has the right to make the GIS Data and derivative products available to the general public.</accconst><useconst>This GIS Data and derivative products may be used for any lawful purpose.</useconst></idinfo>
	<dataqual>
		<lineage>
			<srcinfo>
				<srccontr>A Source Usage Document (SUD) spreadsheet is available for download on the NYS GIS Clearinghouse at:  http://www.nysgis.state.ny.us/gisdata/inventories/details.cfm?DSID=927

The SUD spreadsheet identifies by individual county what data was provided and how such GIS data was used to build the layer.</srccontr>
			</srcinfo>
			<procstep>
				<procdesc>A Product &amp; Process Description (PPD) document is available for download on the NYS GIS Clearinghouse at:  http://www.nysgis.state.ny.us/gisdata/inventories/details.cfm?DSID=927

The PPD document describes the various data elements contained in this file and their requirements. For each data "layer" or "object, it will describe the relevant processes and procedures used to make this file.</procdesc>
			</procstep>
			<procstep><procdesc Sync="TRUE">Metadata imported.</procdesc><srcused Sync="TRUE">T:\GIS\ALIS_Maintenance\Clearinghouse\documents\xml_CSCIC\alis.civil_boundaries.city_town.xml</srcused><procdate Sync="TRUE">20101018</procdate><proctime Sync="TRUE">14393400</proctime></procstep></lineage>
		<posacc><horizpa><horizpar>The New York State Office of Cyber Security and Critical Infrastructure Coordination makes no claims to the accuracy of the information in this file.</horizpar></horizpa></posacc></dataqual>
	<spdoinfo>
		<direct Sync="TRUE">Vector</direct>
		<ptvctinf>
			<sdtsterm Name="CityTown">
				<sdtstype Sync="TRUE">G-polygon</sdtstype>
				<ptvctcnt Sync="TRUE">0</ptvctcnt>
			</sdtsterm>
			<esriterm Name="CityTown"><efeatyp Sync="TRUE">Simple</efeatyp><efeageom Sync="TRUE">Polygon</efeageom><esritopo Sync="TRUE">FALSE</esritopo><efeacnt Sync="TRUE">0</efeacnt><spindex Sync="TRUE">FALSE</spindex><linrefer Sync="TRUE">FALSE</linrefer></esriterm></ptvctinf>
	</spdoinfo>
	<spref>
		<horizsys>
			<planar>
				<planci>
					<plance Sync="TRUE">coordinate pair</plance>
					<coordrep>
						<absres Sync="TRUE">0.000000</absres>
						<ordres Sync="TRUE">0.000000</ordres>
					</coordrep>
					<plandu Sync="TRUE">meters</plandu>
				</planci>
				<gridsys><gridsysn Sync="TRUE">Universal Transverse Mercator</gridsysn><utm><utmzone Sync="TRUE">18</utmzone><transmer><sfctrmer Sync="TRUE">0.999600</sfctrmer><longcm Sync="TRUE">-75.000000</longcm><latprjo Sync="TRUE">0.000000</latprjo><feast Sync="TRUE">500000.000000</feast><fnorth Sync="TRUE">0.000000</fnorth></transmer></utm></gridsys></planar>
			<geodetic>
				<horizdn Sync="TRUE">North American Datum of 1983</horizdn>
				<ellips Sync="TRUE">Geodetic Reference System 80</ellips>
				<semiaxis Sync="TRUE">6378137.000000</semiaxis>
				<denflat Sync="TRUE">298.257222</denflat>
			</geodetic>
			<cordsysn><geogcsn Sync="TRUE">GCS_North_American_1983</geogcsn><projcsn Sync="TRUE">NAD_1983_UTM_Zone_18N</projcsn></cordsysn></horizsys>
		<vertdef>
			<altsys>
				<altres Sync="TRUE">1.000000</altres>
				<altenc Sync="TRUE">Explicit elevation coordinate included with horizontal coordinates</altenc>
			</altsys>
		</vertdef>
	</spref>
	<eainfo>
		<detailed Name="CityTown">
			<enttyp>
				<enttypl Sync="TRUE">CityTown</enttypl>
				<enttypt Sync="TRUE">Feature Class</enttypt><enttypc Sync="TRUE">0</enttypc></enttyp>
			<attr>
				<attrlabl>OBJECTID</attrlabl>
				<attrdef>Internal feature number.</attrdef>
				<attrdefs>ESRI</attrdefs>
				<attrdomv>
					<udom>Sequential unique whole numbers that are automatically generated.</udom>
				</attrdomv>
				<attalias Sync="TRUE">OBJECTID</attalias><attrtype Sync="TRUE">Number</attrtype><attwidth Sync="TRUE">9</attwidth></attr>
			<attr>
				<attrlabl>Shape</attrlabl>
				<attrdef>Feature geometry.</attrdef>
				<attrdefs>ESRI</attrdefs>
				<attrdomv>
					<udom>Coordinates defining the features.</udom>
				</attrdomv>
				<attalias Sync="TRUE">Shape</attalias><attrtype Sync="TRUE">Geometry</attrtype><attwidth Sync="TRUE">0</attwidth><atprecis Sync="TRUE">0</atprecis><attscale Sync="TRUE">0</attscale></attr>
			<attr><attrlabl Sync="TRUE">FID</attrlabl><attalias Sync="TRUE">FID</attalias><attrtype Sync="TRUE">OID</attrtype><attwidth Sync="TRUE">4</attwidth><atprecis Sync="TRUE">0</atprecis><attscale Sync="TRUE">0</attscale><attrdef Sync="TRUE">Internal feature number.</attrdef><attrdefs Sync="TRUE">ESRI</attrdefs><attrdomv><udom Sync="TRUE">Sequential unique whole numbers that are automatically generated.</udom></attrdomv></attr><attr>
				<attrlabl>DateMod</attrlabl>
				<attalias Sync="TRUE">DATEMOD</attalias><attrtype Sync="TRUE">Date</attrtype><attwidth Sync="TRUE">8</attwidth><atprecis Sync="TRUE">0</atprecis><attscale Sync="TRUE">0</attscale></attr>
			<attr>
				<attrlabl>Name</attrlabl>
				<attalias Sync="TRUE">NAME</attalias><attrtype Sync="TRUE">String</attrtype><attwidth Sync="TRUE">40</attwidth><atprecis Sync="TRUE">0</atprecis><attscale Sync="TRUE">0</attscale></attr>
			<attr>
				<attrlabl>Pop1990</attrlabl>
				<attalias Sync="TRUE">POP1990</attalias><attrtype Sync="TRUE">Integer</attrtype><attwidth Sync="TRUE">9</attwidth><atprecis Sync="TRUE">9</atprecis><attscale Sync="TRUE">0</attscale></attr>
			<attr>
				<attrlabl>Pop2000</attrlabl>
				<attalias Sync="TRUE">POP2000</attalias><attrtype Sync="TRUE">Integer</attrtype><attwidth Sync="TRUE">9</attwidth><atprecis Sync="TRUE">9</atprecis><attscale Sync="TRUE">0</attscale></attr>
			<attr>
				<attrlabl>Geocode</attrlabl>
				<attalias Sync="TRUE">GEOCODE</attalias><attrtype Sync="TRUE">String</attrtype><attwidth Sync="TRUE">4</attwidth><atprecis Sync="TRUE">0</atprecis><attscale Sync="TRUE">0</attscale></attr>
			<attr>
				<attrlabl>CT_Type</attrlabl>
				<attalias Sync="TRUE">CT_TYPE</attalias><attrtype Sync="TRUE">Integer</attrtype><attwidth Sync="TRUE">9</attwidth><atprecis Sync="TRUE">9</atprecis><attscale Sync="TRUE">0</attscale></attr>
			<attr>
				<attrlabl>FillTint</attrlabl>
				<attalias Sync="TRUE">FILLTINT</attalias><attrtype Sync="TRUE">Integer</attrtype><attwidth Sync="TRUE">9</attwidth><atprecis Sync="TRUE">9</atprecis><attscale Sync="TRUE">0</attscale></attr>
			<attr>
				<attrlabl>Shape_Area</attrlabl>
				<attrdef>Area of feature in internal units squared.</attrdef>
				<attrdefs>ESRI</attrdefs>
				<attrdomv>
					<udom>Positive real numbers that are automatically generated.</udom>
				</attrdomv>
				<attalias Sync="TRUE">SHAPE_Area</attalias><attrtype Sync="TRUE">Double</attrtype><attwidth Sync="TRUE">19</attwidth><atprecis Sync="TRUE">0</atprecis><attscale Sync="TRUE">0</attscale></attr>
			<attr><attrlabl Sync="TRUE">FID_1</attrlabl><attalias Sync="TRUE">FID_1</attalias><attrtype Sync="TRUE">Number</attrtype><attwidth Sync="TRUE">9</attwidth></attr><attr><attrlabl Sync="TRUE">GNIS_ID</attrlabl><attalias Sync="TRUE">GNIS_ID</attalias><attrtype Sync="TRUE">String</attrtype><attwidth Sync="TRUE">9</attwidth></attr><attr><attrlabl Sync="TRUE">DoS_LL</attrlabl><attalias Sync="TRUE">DoS_LL</attalias><attrtype Sync="TRUE">String</attrtype><attwidth Sync="TRUE">7</attwidth></attr><subtype><stname Sync="TRUE">City</stname><stcode Sync="TRUE">1</stcode><stfield><stfldnm Sync="TRUE">CityTown_ID</stfldnm><stflddd><domname Sync="TRUE">dCityTown_ID</domname><domdesc Sync="TRUE"></domdesc><domtype Sync="TRUE">Range</domtype><mrgtype Sync="TRUE">Default value</mrgtype><splttype Sync="TRUE">Default value</splttype><domowner Sync="TRUE"></domowner><domfldtp Sync="TRUE">Integer</domfldtp></stflddd></stfield><stfield><stfldnm Sync="TRUE">CT_Type</stfldnm><stflddv Sync="TRUE">1</stflddv></stfield><stfield><stfldnm Sync="TRUE">FillTint</stfldnm><stflddv Sync="TRUE">1</stflddv></stfield></subtype><attr><attrlabl Sync="TRUE">DoS_LL_Dat</attrlabl><attalias Sync="TRUE">DoS_LL_Dat</attalias><attrtype Sync="TRUE">Date</attrtype><attwidth Sync="TRUE">8</attwidth></attr><attr><attrlabl Sync="TRUE">SHAPE_Leng</attrlabl><attalias Sync="TRUE">SHAPE_Leng</attalias><attrtype Sync="TRUE">Float</attrtype><attwidth Sync="TRUE">19</attwidth><atnumdec Sync="TRUE">11</atnumdec></attr><subtype><stname Sync="TRUE">Town</stname><stcode Sync="TRUE">2</stcode><stfield><stfldnm Sync="TRUE">CityTown_ID</stfldnm><stflddd><domname Sync="TRUE">dCityTown_ID</domname><domdesc Sync="TRUE"></domdesc><domtype Sync="TRUE">Range</domtype><mrgtype Sync="TRUE">Default value</mrgtype><splttype Sync="TRUE">Default value</splttype><domowner Sync="TRUE"></domowner><domfldtp Sync="TRUE">Integer</domfldtp></stflddd></stfield><stfield><stfldnm Sync="TRUE">CT_Type</stfldnm><stflddv Sync="TRUE">2</stflddv></stfield><stfield><stfldnm Sync="TRUE">FillTint</stfldnm><stflddv Sync="TRUE">1</stflddv></stfield></subtype></detailed>
		<overview>
			<eaover>The Data Model document defines the table structure(s) of the geographic data and shows the relationship(s) between these table(s).

The Data Dictionary document contains attribute field names and descriptions for the data used in the file. For field names with a domain value, more detailed information about the domain values can be found within the Data Model document.</eaover>
			<eadetcit>The Data Model and Data Dictionary documents are available for download on the NYS GIS Clearinghouse at: http://www.nysgis.state.ny.us/gisdata/inventories/details.cfm?DSID=927</eadetcit>
		</overview>
	</eainfo>
	<distinfo>
		<distrib>
			<cntinfo>
				<cntorgp>
					<cntorg>NYS Office of Cyber Security &amp; Critical Infrastructure Coordination (CSCIC)</cntorg>
				</cntorgp>
				<cntaddr>
					<addrtype>mailing and physical address</addrtype>
					<address>30 South Pearl Street</address>
					<address>11th Floor</address>
					<city>Albany</city>
					<state>NY</state>
					<postal>12207</postal>
					<country>USA</country>
				</cntaddr>
				<cntvoice>(518) 474-5212</cntvoice>
				<cntfax>(518) 473-5848</cntfax>
				<cntemail>nysgis@cscic.state.ny.us</cntemail>
			</cntinfo>
		</distrib>
		<resdesc>Downloadable Data</resdesc>
		<distliab>None</distliab>
		<stdorder><digform><digtinfo><transize Sync="TRUE">0.000</transize><dssize Sync="TRUE">0.000</dssize></digtinfo></digform></stdorder></distinfo>
	<metainfo>
		<metd Sync="TRUE">20101018</metd>
		<metc>
			<cntinfo>
				<cntorgp>
					<cntorg>New York State Office of Cyber Security &amp; Critical Infrastructure Coordination (CSCIC)</cntorg>
				</cntorgp>
				<cntaddr>
					<addrtype>mailing and physical address</addrtype>
					<address>30 South Pearl Street</address>
					<address>11th Floor</address>
					<city>Albany</city>
					<state>NY</state>
					<postal>12207</postal>
					<country>USA</country>
				</cntaddr>
				<cntvoice>518-474-5212</cntvoice>
				<cntfax>518-473-5848</cntfax>
				<cntemail>nysgis@cscic.state.ny.us</cntemail>
			</cntinfo>
		</metc>
		<metstdn Sync="TRUE">FGDC Content Standards for Digital Geospatial Metadata</metstdn>
		<metstdv Sync="TRUE">FGDC-STD-001-1998</metstdv>
		<mettc Sync="TRUE">local time</mettc>
		<langmeta Sync="TRUE">en</langmeta><metextns><onlink Sync="TRUE">http://www.esri.com/metadata/esriprof80.html</onlink><metprof Sync="TRUE">ESRI Metadata Profile</metprof></metextns></metainfo>
	<Esri><CreaDate>20160930</CreaDate><CreaTime>11293500</CreaTime><SyncOnce>FALSE</SyncOnce><SyncDate>20101018</SyncDate><SyncTime>14422300</SyncTime><ModDate>20101018</ModDate><ModTime>14422300</ModTime><DataProperties><lineage><Process ToolSource="C:\Program Files\ArcGIS\ArcToolbox\Toolboxes\Data Management Tools.tbx\CopyFeatures" Date="20101018" Time="144227">CopyFeatures "T:\GIS\ALIS_Maintenance\Clearinghouse\geodatabases\BoundariesCivil.mdb\Civil Boundaries\CityTown" T:\GIS\ALIS_Maintenance\Clearinghouse\shapefiles\unzipped_shp\CityTown.shp # 0 0 0</Process></lineage></DataProperties><ArcGISFormat>1.0</ArcGISFormat><ArcGISstyle>ISO 19139 Metadata Implementation Specification</ArcGISstyle></Esri><dataIdInfo><envirDesc Sync="TRUE">Microsoft Windows XP Version 5.1 (Build 2600) Service Pack 3; ESRI ArcCatalog 9.3.1.3000</envirDesc><dataLang><languageCode Sync="TRUE" value="en"></languageCode></dataLang><idCitation><resTitle Sync="TRUE">CityTown</resTitle><presForm><PresFormCd Sync="TRUE" value="005"></PresFormCd></presForm></idCitation><spatRpType><SpatRepTypCd Sync="TRUE" value="001"></SpatRepTypCd></spatRpType><dataExt><geoEle><GeoBndBox esriExtentType="native"><westBL Sync="TRUE">105571.420678</westBL><eastBL Sync="TRUE">779932.062662</eastBL><northBL Sync="TRUE">4985476.422251</northBL><southBL Sync="TRUE">4480951.235681</southBL><exTypeCode Sync="TRUE">1</exTypeCode></GeoBndBox></geoEle></dataExt><geoBox esriExtentType="decdegrees"><westBL Sync="TRUE">-79.996913</westBL><eastBL Sync="TRUE">-71.450261</eastBL><northBL Sync="TRUE">45.022739</northBL><southBL Sync="TRUE">40.385784</southBL><exTypeCode Sync="TRUE">1</exTypeCode></geoBox></dataIdInfo><mdLang><languageCode Sync="TRUE" value="en"></languageCode></mdLang><mdStanName Sync="TRUE">ISO 19115 Geographic Information - Metadata</mdStanName><mdStanVer Sync="TRUE">DIS_ESRI1.0</mdStanVer><mdChar><CharSetCd Sync="TRUE" value="004"></CharSetCd></mdChar><mdHrLv><ScopeCd Sync="TRUE" value="005"></ScopeCd></mdHrLv><mdHrLvName Sync="TRUE">dataset</mdHrLvName><distInfo><distributor><distorTran><onLineSrc><orDesc Sync="TRUE">002</orDesc><linkage Sync="TRUE">file://\\cscic.state.ny.us.local\CSCIC$\GroupFiles\GIS\ALIS_Maintenance\Clearinghouse\shapefiles\unzipped_shp\CityTown.shp</linkage><protocol Sync="TRUE">Local Area Network</protocol></onLineSrc><transSize Sync="TRUE">0.000</transSize></distorTran><distorFormat><formatName Sync="TRUE">Shapefile</formatName></distorFormat></distributor></distInfo><refSysInfo><RefSystem><refSysID><identCode Sync="TRUE">NAD_1983_UTM_Zone_18N</identCode></refSysID></RefSystem></refSysInfo><spatRepInfo><VectSpatRep><topLvl><TopoLevCd Sync="TRUE" value="001"></TopoLevCd></topLvl><geometObjs Name="CityTown"><geoObjTyp><GeoObjTypCd Sync="TRUE" value="001"></GeoObjTypCd></geoObjTyp><geoObjCnt Sync="TRUE">0</geoObjCnt></geometObjs></VectSpatRep></spatRepInfo><mdDateSt Sync="TRUE">20101018</mdDateSt></metadata>
