<?xml version="1.0" encoding="UTF-8"?>
<metadata xml:lang="en"><Esri><CreaDate>20160930</CreaDate><CreaTime>11291500</CreaTime><ArcGISFormat>1.0</ArcGISFormat><ArcGISstyle>FGDC CSDGM Metadata</ArcGISstyle><SyncOnce>FALSE</SyncOnce><DataProperties><itemProps><itemName Sync="TRUE">EHParcelsSPView</itemName><imsContentType Sync="TRUE">002</imsContentType><itemLocation><linkage Sync="TRUE">file://\\eh-gis-1\DOIT_GIS\Users\Bob_Masin\GIS_Projects\Departments\Natural_Resources\CoastalShorelineGrant\DataExports.gdb</linkage><protocol Sync="TRUE">Local Area Network</protocol></itemLocation></itemProps><coordRef><type Sync="TRUE">Projected</type><geogcsn Sync="TRUE">GCS_North_American_1983</geogcsn><csUnits Sync="TRUE">Linear Unit: Foot_US (0.304801)</csUnits><projcsn Sync="TRUE">NAD_1983_StatePlane_New_York_Long_Island_FIPS_3104_Feet</projcsn><peXml Sync="TRUE">&lt;ProjectedCoordinateSystem xsi:type='typens:ProjectedCoordinateSystem' xmlns:xsi='http://www.w3.org/2001/XMLSchema-instance' xmlns:xs='http://www.w3.org/2001/XMLSchema' xmlns:typens='http://www.esri.com/schemas/ArcGIS/10.0'&gt;&lt;WKT&gt;PROJCS[&amp;quot;NAD_1983_StatePlane_New_York_Long_Island_FIPS_3104_Feet&amp;quot;,GEOGCS[&amp;quot;GCS_North_American_1983&amp;quot;,DATUM[&amp;quot;D_North_American_1983&amp;quot;,SPHEROID[&amp;quot;GRS_1980&amp;quot;,6378137.0,298.257222101]],PRIMEM[&amp;quot;Greenwich&amp;quot;,0.0],UNIT[&amp;quot;Degree&amp;quot;,0.0174532925199433]],PROJECTION[&amp;quot;Lambert_Conformal_Conic&amp;quot;],PARAMETER[&amp;quot;False_Easting&amp;quot;,984250.0],PARAMETER[&amp;quot;False_Northing&amp;quot;,0.0],PARAMETER[&amp;quot;Central_Meridian&amp;quot;,-74.0],PARAMETER[&amp;quot;Standard_Parallel_1&amp;quot;,40.66666666666666],PARAMETER[&amp;quot;Standard_Parallel_2&amp;quot;,41.03333333333333],PARAMETER[&amp;quot;Latitude_Of_Origin&amp;quot;,40.16666666666666],UNIT[&amp;quot;Foot_US&amp;quot;,0.3048006096012192],AUTHORITY[&amp;quot;EPSG&amp;quot;,2263]]&lt;/WKT&gt;&lt;XOrigin&gt;-120039300&lt;/XOrigin&gt;&lt;YOrigin&gt;-96540300&lt;/YOrigin&gt;&lt;XYScale&gt;3048.0060960121918&lt;/XYScale&gt;&lt;ZOrigin&gt;-100000&lt;/ZOrigin&gt;&lt;ZScale&gt;10000&lt;/ZScale&gt;&lt;MOrigin&gt;-100000&lt;/MOrigin&gt;&lt;MScale&gt;10000&lt;/MScale&gt;&lt;XYTolerance&gt;0.0032808333333333331&lt;/XYTolerance&gt;&lt;ZTolerance&gt;0.001&lt;/ZTolerance&gt;&lt;MTolerance&gt;0.001&lt;/MTolerance&gt;&lt;HighPrecision&gt;true&lt;/HighPrecision&gt;&lt;WKID&gt;2263&lt;/WKID&gt;&lt;/ProjectedCoordinateSystem&gt;</peXml></coordRef><lineage><Process ToolSource="c:\program files (x86)\arcgis\desktop10.0\ArcToolbox\Toolboxes\Conversion Tools.tbx\FeatureClassToFeatureClass" Date="20160111" Time="153457">FeatureClassToFeatureClass "Database Connections\GIS_PUBLISHED-GISMaster.sde\GIS_PUBLISHED.GISMASTER.EHTAXMAPGOVERNVIEW" \\eh-gis-1\DOIT_GIS\Users\Bob_Masin\GIS_Projects\Departments\Natural_Resources\CoastalShorelineGrant\DataExports.gdb EHParcelsSPView # "DSBL "DSBL" true true false 30 Text 0 0 ,First,#,Database Connections\GIS_PUBLISHED-GISMaster.sde\GIS_PUBLISHED.GISMASTER.EHTAXMAPGOVERNVIEW,DSBL,-1,-1;DISTRICT "DISTRICT" true true false 8 Double 8 38 ,First,#,Database Connections\GIS_PUBLISHED-GISMaster.sde\GIS_PUBLISHED.GISMASTER.EHTAXMAPGOVERNVIEW,DISTRICT,-1,-1;SECTION "SECTION" true true false 8 Double 8 38 ,First,#,Database Connections\GIS_PUBLISHED-GISMaster.sde\GIS_PUBLISHED.GISMASTER.EHTAXMAPGOVERNVIEW,SECTION,-1,-1;BLOCK "BLOCK" true true false 8 Double 8 38 ,First,#,Database Connections\GIS_PUBLISHED-GISMaster.sde\GIS_PUBLISHED.GISMASTER.EHTAXMAPGOVERNVIEW,BLOCK,-1,-1;LOT "LOT" true true false 8 Double 8 38 ,First,#,Database Connections\GIS_PUBLISHED-GISMaster.sde\GIS_PUBLISHED.GISMASTER.EHTAXMAPGOVERNVIEW,LOT,-1,-1;P_ID "P_ID" true true false 8 Double 8 38 ,First,#,Database Connections\GIS_PUBLISHED-GISMaster.sde\GIS_PUBLISHED.GISMASTER.EHTAXMAPGOVERNVIEW,P_ID,-1,-1;GOVERN_PID "GOVERN_PID" true true false 4 Long 0 10 ,First,#,Database Connections\GIS_PUBLISHED-GISMaster.sde\GIS_PUBLISHED.GISMASTER.EHTAXMAPGOVERNVIEW,GOVERN_PID,-1,-1;Expr1 "Expr1" true true false 4 Long 0 10 ,First,#,Database Connections\GIS_PUBLISHED-GISMaster.sde\GIS_PUBLISHED.GISMASTER.EHTAXMAPGOVERNVIEW,Expr1,-1,-1;GIS_ADDRESS "GIS_ADDRESS" true true false 30 Text 0 0 ,First,#,Database Connections\GIS_PUBLISHED-GISMaster.sde\GIS_PUBLISHED.GISMASTER.EHTAXMAPGOVERNVIEW,GIS_ADDRESS,-1,-1;GIS_REGION "GIS_REGION" true true false 30 Text 0 0 ,First,#,Database Connections\GIS_PUBLISHED-GISMaster.sde\GIS_PUBLISHED.GISMASTER.EHTAXMAPGOVERNVIEW,GIS_REGION,-1,-1;GIS_ZIP_CODE "GIS_ZIP_CODE" true true false 10 Text 0 0 ,First,#,Database Connections\GIS_PUBLISHED-GISMaster.sde\GIS_PUBLISHED.GISMASTER.EHTAXMAPGOVERNVIEW,GIS_ZIP_CODE,-1,-1;GIS_FIRST_NAME "GIS_FIRST_NAME" true true false 15 Text 0 0 ,First,#,Database Connections\GIS_PUBLISHED-GISMaster.sde\GIS_PUBLISHED.GISMASTER.EHTAXMAPGOVERNVIEW,GIS_FIRST_NAME,-1,-1;GIS_LAST_NAME "GIS_LAST_NAME" true true false 45 Text 0 0 ,First,#,Database Connections\GIS_PUBLISHED-GISMaster.sde\GIS_PUBLISHED.GISMASTER.EHTAXMAPGOVERNVIEW,GIS_LAST_NAME,-1,-1;GOVERN_ADDRESS "GOVERN_ADDRESS" true true false 50 Text 0 0 ,First,#,Database Connections\GIS_PUBLISHED-GISMaster.sde\GIS_PUBLISHED.GISMASTER.EHTAXMAPGOVERNVIEW,GOVERN_ADDRESS,-1,-1;GOVERN_FIRST_NAME "GOVERN_FIRST_NAME" true true false 35 Text 0 0 ,First,#,Database Connections\GIS_PUBLISHED-GISMaster.sde\GIS_PUBLISHED.GISMASTER.EHTAXMAPGOVERNVIEW,GOVERN_FIRST_NAME,-1,-1;GOVERN_MID_INITIAL "GOVERN_MID_INITIAL" true true false 25 Text 0 0 ,First,#,Database Connections\GIS_PUBLISHED-GISMaster.sde\GIS_PUBLISHED.GISMASTER.EHTAXMAPGOVERNVIEW,GOVERN_MID_INITIAL,-1,-1;GOVERN_LAST_NAME "GOVERN_LAST_NAME" true true false 40 Text 0 0 ,First,#,Database Connections\GIS_PUBLISHED-GISMaster.sde\GIS_PUBLISHED.GISMASTER.EHTAXMAPGOVERNVIEW,GOVERN_LAST_NAME,-1,-1;GOVERN_COMPANY_NAME "GOVERN_COMPANY_NAME" true true false 80 Text 0 0 ,First,#,Database Connections\GIS_PUBLISHED-GISMaster.sde\GIS_PUBLISHED.GISMASTER.EHTAXMAPGOVERNVIEW,GOVERN_COMPANY_NAME,-1,-1;GOVERN_FULL_NAME "GOVERN_FULL_NAME" true true false 80 Text 0 0 ,First,#,Database Connections\GIS_PUBLISHED-GISMaster.sde\GIS_PUBLISHED.GISMASTER.EHTAXMAPGOVERNVIEW,GOVERN_FULL_NAME,-1,-1;SCTM "SCTM" true true false 50 Text 0 0 ,First,#,Database Connections\GIS_PUBLISHED-GISMaster.sde\GIS_PUBLISHED.GISMASTER.EHTAXMAPGOVERNVIEW,SCTM,-1,-1;STATUS "STATUS" true true false 1 Text 0 0 ,First,#,Database Connections\GIS_PUBLISHED-GISMaster.sde\GIS_PUBLISHED.GISMASTER.EHTAXMAPGOVERNVIEW,STATUS,-1,-1;NA_ID "NA_ID" true true false 4 Long 0 10 ,First,#,Database Connections\GIS_PUBLISHED-GISMaster.sde\GIS_PUBLISHED.GISMASTER.EHTAXMAPGOVERNVIEW,NA_ID,-1,-1;GOV_TAX_MAP "GOV_TAX_MAP" true true false 34 Text 0 0 ,First,#,Database Connections\GIS_PUBLISHED-GISMaster.sde\GIS_PUBLISHED.GISMASTER.EHTAXMAPGOVERNVIEW,GOV_TAX_MAP,-1,-1;GOVERN_TAXMAP "GOVERN_TAXMAP" true true false 32 Text 0 0 ,First,#,Database Connections\GIS_PUBLISHED-GISMaster.sde\GIS_PUBLISHED.GISMASTER.EHTAXMAPGOVERNVIEW,GOVERN_TAXMAP,-1,-1;NON_PARCEL_ID "NON_PARCEL_ID" true true false 4 Long 0 10 ,First,#,Database Connections\GIS_PUBLISHED-GISMaster.sde\GIS_PUBLISHED.GISMASTER.EHTAXMAPGOVERNVIEW,NON_PARCEL_ID,-1,-1;INACTIVE_YEAR "INACTIVE_YEAR" true true false 2 Short 0 5 ,First,#,Database Connections\GIS_PUBLISHED-GISMaster.sde\GIS_PUBLISHED.GISMASTER.EHTAXMAPGOVERNVIEW,INACTIVE_YEAR,-1,-1;CLASS "CLASS" true true false 15 Text 0 0 ,First,#,Database Connections\GIS_PUBLISHED-GISMaster.sde\GIS_PUBLISHED.GISMASTER.EHTAXMAPGOVERNVIEW,CLASS,-1,-1;ROLL_SECTION "ROLL_SECTION" true true false 15 Text 0 0 ,First,#,Database Connections\GIS_PUBLISHED-GISMaster.sde\GIS_PUBLISHED.GISMASTER.EHTAXMAPGOVERNVIEW,ROLL_SECTION,-1,-1;ASSESSMENT_YEAR "ASSESSMENT_YEAR" true true false 2 Short 0 5 ,First,#,Database Connections\GIS_PUBLISHED-GISMaster.sde\GIS_PUBLISHED.GISMASTER.EHTAXMAPGOVERNVIEW,ASSESSMENT_YEAR,-1,-1;TOTAL_ASSMT "TOTAL_ASSMT" true true false 8 Double 4 19 ,First,#,Database Connections\GIS_PUBLISHED-GISMaster.sde\GIS_PUBLISHED.GISMASTER.EHTAXMAPGOVERNVIEW,TOTAL_ASSMT,-1,-1;TAX_YEAR "TAX_YEAR" true true false 2 Short 0 5 ,First,#,Database Connections\GIS_PUBLISHED-GISMaster.sde\GIS_PUBLISHED.GISMASTER.EHTAXMAPGOVERNVIEW,TAX_YEAR,-1,-1;TOTAL_TAXES "TOTAL_TAXES" true true false 8 Double 4 19 ,First,#,Database Connections\GIS_PUBLISHED-GISMaster.sde\GIS_PUBLISHED.GISMASTER.EHTAXMAPGOVERNVIEW,TOTAL_TAXES,-1,-1;AMT_DUE_1 "AMT_DUE_1" true true false 8 Double 4 19 ,First,#,Database Connections\GIS_PUBLISHED-GISMaster.sde\GIS_PUBLISHED.GISMASTER.EHTAXMAPGOVERNVIEW,AMT_DUE_1,-1,-1;AMT_PAID_1 "AMT_PAID_1" true true false 8 Double 4 19 ,First,#,Database Connections\GIS_PUBLISHED-GISMaster.sde\GIS_PUBLISHED.GISMASTER.EHTAXMAPGOVERNVIEW,AMT_PAID_1,-1,-1;AMT_PEN_1 "AMT_PEN_1" true true false 8 Double 4 19 ,First,#,Database Connections\GIS_PUBLISHED-GISMaster.sde\GIS_PUBLISHED.GISMASTER.EHTAXMAPGOVERNVIEW,AMT_PEN_1,-1,-1;PAID_NAME_1 "PAID_NAME_1" true true false 50 Text 0 0 ,First,#,Database Connections\GIS_PUBLISHED-GISMaster.sde\GIS_PUBLISHED.GISMASTER.EHTAXMAPGOVERNVIEW,PAID_NAME_1,-1,-1;PAID_DATE_1 "PAID_DATE_1" true true false 36 Date 0 0 ,First,#,Database Connections\GIS_PUBLISHED-GISMaster.sde\GIS_PUBLISHED.GISMASTER.EHTAXMAPGOVERNVIEW,PAID_DATE_1,-1,-1;AMT_DUE_2 "AMT_DUE_2" true true false 8 Double 4 19 ,First,#,Database Connections\GIS_PUBLISHED-GISMaster.sde\GIS_PUBLISHED.GISMASTER.EHTAXMAPGOVERNVIEW,AMT_DUE_2,-1,-1;AMT_PAID_2 "AMT_PAID_2" true true false 8 Double 4 19 ,First,#,Database Connections\GIS_PUBLISHED-GISMaster.sde\GIS_PUBLISHED.GISMASTER.EHTAXMAPGOVERNVIEW,AMT_PAID_2,-1,-1;AMT_PEN_2 "AMT_PEN_2" true true false 8 Double 4 19 ,First,#,Database Connections\GIS_PUBLISHED-GISMaster.sde\GIS_PUBLISHED.GISMASTER.EHTAXMAPGOVERNVIEW,AMT_PEN_2,-1,-1;PAID_NAME_2 "PAID_NAME_2" true true false 50 Text 0 0 ,First,#,Database Connections\GIS_PUBLISHED-GISMaster.sde\GIS_PUBLISHED.GISMASTER.EHTAXMAPGOVERNVIEW,PAID_NAME_2,-1,-1;PAID_DATE_2 "PAID_DATE_2" true true false 36 Date 0 0 ,First,#,Database Connections\GIS_PUBLISHED-GISMaster.sde\GIS_PUBLISHED.GISMASTER.EHTAXMAPGOVERNVIEW,PAID_DATE_2,-1,-1;Acres "Acres" true true false 8 Double 8 38 ,First,#,Database Connections\GIS_PUBLISHED-GISMaster.sde\GIS_PUBLISHED.GISMASTER.EHTAXMAPGOVERNVIEW,Acres,-1,-1;Area_Sq_Ft "Area_Sq_Ft" true true false 8 Double 8 38 ,First,#,Database Connections\GIS_PUBLISHED-GISMaster.sde\GIS_PUBLISHED.GISMASTER.EHTAXMAPGOVERNVIEW,Area_Sq_Ft,-1,-1;BTCAMP "BTCAMP" true true false 8 Double 8 38 ,First,#,Database Connections\GIS_PUBLISHED-GISMaster.sde\GIS_PUBLISHED.GISMASTER.EHTAXMAPGOVERNVIEW,BTCAMP,-1,-1;Zoning "Zoning" true true false 6 Text 0 0 ,First,#,Database Connections\GIS_PUBLISHED-GISMaster.sde\GIS_PUBLISHED.GISMASTER.EHTAXMAPGOVERNVIEW,Zoning,-1,-1;School_District "School_District" true true false 8 Double 8 38 ,First,#,Database Connections\GIS_PUBLISHED-GISMaster.sde\GIS_PUBLISHED.GISMASTER.EHTAXMAPGOVERNVIEW,School_District,-1,-1;Fire_District "Fire_District" true true false 8 Double 8 38 ,First,#,Database Connections\GIS_PUBLISHED-GISMaster.sde\GIS_PUBLISHED.GISMASTER.EHTAXMAPGOVERNVIEW,Fire_District,-1,-1;Adjacent_Public_Water "Adjacent_Public_Water" true true false 8 Double 8 38 ,First,#,Database Connections\GIS_PUBLISHED-GISMaster.sde\GIS_PUBLISHED.GISMASTER.EHTAXMAPGOVERNVIEW,Adjacent_Public_Water,-1,-1;Affordable_Housing_Overlay "Affordable_Housing_Overlay" true true false 8 Double 8 38 ,First,#,Database Connections\GIS_PUBLISHED-GISMaster.sde\GIS_PUBLISHED.GISMASTER.EHTAXMAPGOVERNVIEW,Affordable_Housing_Overlay,-1,-1;Limited_Business_Overlay "Limited_Business_Overlay" true true false 8 Double 8 38 ,First,#,Database Connections\GIS_PUBLISHED-GISMaster.sde\GIS_PUBLISHED.GISMASTER.EHTAXMAPGOVERNVIEW,Limited_Business_Overlay,-1,-1;Agricultural_District "Agricultural_District" true true false 8 Double 8 38 ,First,#,Database Connections\GIS_PUBLISHED-GISMaster.sde\GIS_PUBLISHED.GISMASTER.EHTAXMAPGOVERNVIEW,Agricultural_District,-1,-1;Water_Recharge "Water_Recharge" true true false 8 Double 8 38 ,First,#,Database Connections\GIS_PUBLISHED-GISMaster.sde\GIS_PUBLISHED.GISMASTER.EHTAXMAPGOVERNVIEW,Water_Recharge,-1,-1;HPOD "HPOD" true true false 8 Double 8 38 ,First,#,Database Connections\GIS_PUBLISHED-GISMaster.sde\GIS_PUBLISHED.GISMASTER.EHTAXMAPGOVERNVIEW,HPOD,-1,-1;Recreation_Overlay_District "Recreation_Overlay_District" true true false 8 Double 8 38 ,First,#,Database Connections\GIS_PUBLISHED-GISMaster.sde\GIS_PUBLISHED.GISMASTER.EHTAXMAPGOVERNVIEW,Recreation_Overlay_District,-1,-1;Coastal_Zone "Coastal_Zone" true true false 8 Text 0 0 ,First,#,Database Connections\GIS_PUBLISHED-GISMaster.sde\GIS_PUBLISHED.GISMASTER.EHTAXMAPGOVERNVIEW,Coastal_Zone,-1,-1;H2OZoneV "H2OZoneV" true true false 8 Double 8 38 ,First,#,Database Connections\GIS_PUBLISHED-GISMaster.sde\GIS_PUBLISHED.GISMASTER.EHTAXMAPGOVERNVIEW,H2OZoneV,-1,-1;SGPA "SGPA" true true false 8 Double 8 38 ,First,#,Database Connections\GIS_PUBLISHED-GISMaster.sde\GIS_PUBLISHED.GISMASTER.EHTAXMAPGOVERNVIEW,SGPA,-1,-1;Pine_Barren_Region "Pine_Barren_Region" true true false 8 Double 8 38 ,First,#,Database Connections\GIS_PUBLISHED-GISMaster.sde\GIS_PUBLISHED.GISMASTER.EHTAXMAPGOVERNVIEW,Pine_Barren_Region,-1,-1;LWRP_EH_Coastal_Boundary "LWRP_EH_Coastal_Boundary" true true false 8 Double 8 38 ,First,#,Database Connections\GIS_PUBLISHED-GISMaster.sde\GIS_PUBLISHED.GISMASTER.EHTAXMAPGOVERNVIEW,LWRP_EH_Coastal_Boundary,-1,-1;Land_Acquisition "Land_Acquisition" true true false 100 Text 0 0 ,First,#,Database Connections\GIS_PUBLISHED-GISMaster.sde\GIS_PUBLISHED.GISMASTER.EHTAXMAPGOVERNVIEW,Land_Acquisition,-1,-1;Nature_Preserves "Nature_Preserves" true true false 8 Double 8 38 ,First,#,Database Connections\GIS_PUBLISHED-GISMaster.sde\GIS_PUBLISHED.GISMASTER.EHTAXMAPGOVERNVIEW,Nature_Preserves,-1,-1;Nature_Conservancy "Nature_Conservancy" true true false 50 Text 0 0 ,First,#,Database Connections\GIS_PUBLISHED-GISMaster.sde\GIS_PUBLISHED.GISMASTER.EHTAXMAPGOVERNVIEW,Nature_Conservancy,-1,-1;Historic_Site "Historic_Site" true true false 8 Double 8 38 ,First,#,Database Connections\GIS_PUBLISHED-GISMaster.sde\GIS_PUBLISHED.GISMASTER.EHTAXMAPGOVERNVIEW,Historic_Site,-1,-1;Historic_Name "Historic_Name" true true false 45 Text 0 0 ,First,#,Database Connections\GIS_PUBLISHED-GISMaster.sde\GIS_PUBLISHED.GISMASTER.EHTAXMAPGOVERNVIEW,Historic_Name,-1,-1;Architectural_History "Architectural_History" true true false 8 Double 8 38 ,First,#,Database Connections\GIS_PUBLISHED-GISMaster.sde\GIS_PUBLISHED.GISMASTER.EHTAXMAPGOVERNVIEW,Architectural_History,-1,-1;NR_Lot_Inspection_File "NR_Lot_Inspection_File" true true false 50 Text 0 0 ,First,#,Database Connections\GIS_PUBLISHED-GISMaster.sde\GIS_PUBLISHED.GISMASTER.EHTAXMAPGOVERNVIEW,NR_Lot_Inspection_File,-1,-1;Clearing "Clearing" true true false 150 Text 0 0 ,First,#,Database Connections\GIS_PUBLISHED-GISMaster.sde\GIS_PUBLISHED.GISMASTER.EHTAXMAPGOVERNVIEW,Clearing,-1,-1;Old_File_Map "Old_File_Map" true true false 50 Text 0 0 ,First,#,Database Connections\GIS_PUBLISHED-GISMaster.sde\GIS_PUBLISHED.GISMASTER.EHTAXMAPGOVERNVIEW,Old_File_Map,-1,-1;Filed_Subdivision "Filed_Subdivision" true true false 50 Text 0 0 ,First,#,Database Connections\GIS_PUBLISHED-GISMaster.sde\GIS_PUBLISHED.GISMASTER.EHTAXMAPGOVERNVIEW,Filed_Subdivision,-1,-1;Filed_Subdivision_Name "Filed_Subdivision_Name" true true false 45 Text 0 0 ,First,#,Database Connections\GIS_PUBLISHED-GISMaster.sde\GIS_PUBLISHED.GISMASTER.EHTAXMAPGOVERNVIEW,Filed_Subdivision_Name,-1,-1;Filed_Subwaiver "Filed_Subwaiver" true true false 50 Text 0 0 ,First,#,Database Connections\GIS_PUBLISHED-GISMaster.sde\GIS_PUBLISHED.GISMASTER.EHTAXMAPGOVERNVIEW,Filed_Subwaiver,-1,-1;Filed_Subwaiver_Name "Filed_Subwaiver_Name" true true false 45 Text 0 0 ,First,#,Database Connections\GIS_PUBLISHED-GISMaster.sde\GIS_PUBLISHED.GISMASTER.EHTAXMAPGOVERNVIEW,Filed_Subwaiver_Name,-1,-1;Perimeter "Perimeter" true true false 8 Double 8 38 ,First,#,Database Connections\GIS_PUBLISHED-GISMaster.sde\GIS_PUBLISHED.GISMASTER.EHTAXMAPGOVERNVIEW,Perimeter,-1,-1;Parcel_Edits "Parcel_Edits" true true false 2 Short 0 5 ,First,#,Database Connections\GIS_PUBLISHED-GISMaster.sde\GIS_PUBLISHED.GISMASTER.EHTAXMAPGOVERNVIEW,Parcel_Edits,-1,-1;Zone_Map_Sheets "Zone_Map_Sheets" true true false 10 Text 0 0 ,First,#,Database Connections\GIS_PUBLISHED-GISMaster.sde\GIS_PUBLISHED.GISMASTER.EHTAXMAPGOVERNVIEW,Zone_Map_Sheets,-1,-1;Historic_Districts "Historic_Districts" true true false 75 Text 0 0 ,First,#,Database Connections\GIS_PUBLISHED-GISMaster.sde\GIS_PUBLISHED.GISMASTER.EHTAXMAPGOVERNVIEW,Historic_Districts,-1,-1;Building_Permits_Issued "Building_Permits_Issued" true true false 25 Text 0 0 ,First,#,Database Connections\GIS_PUBLISHED-GISMaster.sde\GIS_PUBLISHED.GISMASTER.EHTAXMAPGOVERNVIEW,Building_Permits_Issued,-1,-1;GlobalID "GlobalID" false false true 38 GlobalID 0 0 ,First,#,Database Connections\GIS_PUBLISHED-GISMaster.sde\GIS_PUBLISHED.GISMASTER.EHTAXMAPGOVERNVIEW,GlobalID,-1,-1;Shape_area "Shape_area" false false true 0 Double 0 0 ,First,#,Database Connections\GIS_PUBLISHED-GISMaster.sde\GIS_PUBLISHED.GISMASTER.EHTAXMAPGOVERNVIEW,Shape.area,-1,-1;Shape_len "Shape_len" false false true 0 Double 0 0 ,First,#,Database Connections\GIS_PUBLISHED-GISMaster.sde\GIS_PUBLISHED.GISMASTER.EHTAXMAPGOVERNVIEW,Shape.len,-1,-1" #</Process></lineage></DataProperties><SyncDate>20160111</SyncDate><SyncTime>15344400</SyncTime><ModDate>20160111</ModDate><ModTime>15344400</ModTime></Esri><dataIdInfo><envirDesc Sync="TRUE">Microsoft Windows 7 Version 6.1 (Build 7601) Service Pack 1; ESRI ArcGIS 10.0.5.4400</envirDesc><dataLang><languageCode value="eng" Sync="TRUE"></languageCode><countryCode value="USA" Sync="TRUE"></countryCode></dataLang><idCitation><resTitle Sync="TRUE">EHParcelsSPView</resTitle><presForm><PresFormCd value="005" Sync="TRUE"></PresFormCd></presForm></idCitation><spatRpType><SpatRepTypCd value="001" Sync="TRUE"></SpatRepTypCd></spatRpType></dataIdInfo><mdLang><languageCode value="eng" Sync="TRUE"></languageCode><countryCode value="USA" Sync="TRUE"></countryCode></mdLang><distInfo><distFormat><formatName Sync="TRUE">File Geodatabase Feature Class</formatName></distFormat></distInfo><mdHrLv><ScopeCd value="005" Sync="TRUE"></ScopeCd></mdHrLv><mdHrLvName Sync="TRUE">dataset</mdHrLvName><refSysInfo><RefSystem><refSysID><identCode code="2263" Sync="TRUE"></identCode><idCodeSpace Sync="TRUE">EPSG</idCodeSpace><idVersion Sync="TRUE">7.4.1</idVersion></refSysID></RefSystem></refSysInfo><spatRepInfo><VectSpatRep><geometObjs Name="EHParcelsSPView"><geoObjTyp><GeoObjTypCd value="002" Sync="TRUE"></GeoObjTypCd></geoObjTyp><geoObjCnt Sync="TRUE">0</geoObjCnt></geometObjs><topLvl><TopoLevCd value="001" Sync="TRUE"></TopoLevCd></topLvl></VectSpatRep></spatRepInfo><spdoinfo><ptvctinf><esriterm><efeatyp Sync="TRUE">Simple</efeatyp><efeageom code="4" Sync="TRUE"></efeageom><esritopo Sync="TRUE">FALSE</esritopo><efeacnt Sync="TRUE">0</efeacnt><spindex Sync="TRUE">TRUE</spindex><linrefer Sync="TRUE">FALSE</linrefer></esriterm></ptvctinf></spdoinfo><eainfo><detailed Name="EHParcelsSPView"><enttyp><enttypl Sync="TRUE">EHParcelsSPView</enttypl><enttypt Sync="TRUE">Feature Class</enttypt><enttypc Sync="TRUE">0</enttypc></enttyp><attr><attrlabl Sync="TRUE">OBJECTID</attrlabl><attalias Sync="TRUE">OBJECTID</attalias><attrtype Sync="TRUE">OID</attrtype><attwidth Sync="TRUE">4</attwidth><atprecis Sync="TRUE">0</atprecis><attscale Sync="TRUE">0</attscale><attrdef Sync="TRUE">Internal feature number.</attrdef><attrdefs Sync="TRUE">ESRI</attrdefs><attrdomv><udom Sync="TRUE">Sequential unique whole numbers that are automatically generated.</udom></attrdomv></attr><attr><attrlabl Sync="TRUE">Shape</attrlabl><attalias Sync="TRUE">Shape</attalias><attrtype Sync="TRUE">Geometry</attrtype><attwidth Sync="TRUE">0</attwidth><atprecis Sync="TRUE">0</atprecis><attscale Sync="TRUE">0</attscale><attrdef Sync="TRUE">Feature geometry.</attrdef><attrdefs Sync="TRUE">ESRI</attrdefs><attrdomv><udom Sync="TRUE">Coordinates defining the features.</udom></attrdomv></attr><attr><attrlabl Sync="TRUE">DSBL</attrlabl><attalias Sync="TRUE">DSBL</attalias><attrtype Sync="TRUE">String</attrtype><attwidth Sync="TRUE">30</attwidth><atprecis Sync="TRUE">0</atprecis><attscale Sync="TRUE">0</attscale></attr><attr><attrlabl Sync="TRUE">DISTRICT</attrlabl><attalias Sync="TRUE">DISTRICT</attalias><attrtype Sync="TRUE">Double</attrtype><attwidth Sync="TRUE">8</attwidth><atprecis Sync="TRUE">0</atprecis><attscale Sync="TRUE">0</attscale></attr><attr><attrlabl Sync="TRUE">SECTION</attrlabl><attalias Sync="TRUE">SECTION</attalias><attrtype Sync="TRUE">Double</attrtype><attwidth Sync="TRUE">8</attwidth><atprecis Sync="TRUE">0</atprecis><attscale Sync="TRUE">0</attscale></attr><attr><attrlabl Sync="TRUE">BLOCK</attrlabl><attalias Sync="TRUE">BLOCK</attalias><attrtype Sync="TRUE">Double</attrtype><attwidth Sync="TRUE">8</attwidth><atprecis Sync="TRUE">0</atprecis><attscale Sync="TRUE">0</attscale></attr><attr><attrlabl Sync="TRUE">LOT</attrlabl><attalias Sync="TRUE">LOT</attalias><attrtype Sync="TRUE">Double</attrtype><attwidth Sync="TRUE">8</attwidth><atprecis Sync="TRUE">0</atprecis><attscale Sync="TRUE">0</attscale></attr><attr><attrlabl Sync="TRUE">P_ID</attrlabl><attalias Sync="TRUE">P_ID</attalias><attrtype Sync="TRUE">Double</attrtype><attwidth Sync="TRUE">8</attwidth><atprecis Sync="TRUE">0</atprecis><attscale Sync="TRUE">0</attscale></attr><attr><attrlabl Sync="TRUE">GOVERN_PID</attrlabl><attalias Sync="TRUE">GOVERN_PID</attalias><attrtype Sync="TRUE">Integer</attrtype><attwidth Sync="TRUE">4</attwidth><atprecis Sync="TRUE">0</atprecis><attscale Sync="TRUE">0</attscale></attr><attr><attrlabl Sync="TRUE">Expr1</attrlabl><attalias Sync="TRUE">Expr1</attalias><attrtype Sync="TRUE">Integer</attrtype><attwidth Sync="TRUE">4</attwidth><atprecis Sync="TRUE">0</atprecis><attscale Sync="TRUE">0</attscale></attr><attr><attrlabl Sync="TRUE">GIS_ADDRESS</attrlabl><attalias Sync="TRUE">GIS_ADDRESS</attalias><attrtype Sync="TRUE">String</attrtype><attwidth Sync="TRUE">30</attwidth><atprecis Sync="TRUE">0</atprecis><attscale Sync="TRUE">0</attscale></attr><attr><attrlabl Sync="TRUE">GIS_REGION</attrlabl><attalias Sync="TRUE">GIS_REGION</attalias><attrtype Sync="TRUE">String</attrtype><attwidth Sync="TRUE">30</attwidth><atprecis Sync="TRUE">0</atprecis><attscale Sync="TRUE">0</attscale></attr><attr><attrlabl Sync="TRUE">GIS_ZIP_CODE</attrlabl><attalias Sync="TRUE">GIS_ZIP_CODE</attalias><attrtype Sync="TRUE">String</attrtype><attwidth Sync="TRUE">10</attwidth><atprecis Sync="TRUE">0</atprecis><attscale Sync="TRUE">0</attscale></attr><attr><attrlabl Sync="TRUE">GIS_FIRST_NAME</attrlabl><attalias Sync="TRUE">GIS_FIRST_NAME</attalias><attrtype Sync="TRUE">String</attrtype><attwidth Sync="TRUE">15</attwidth><atprecis Sync="TRUE">0</atprecis><attscale Sync="TRUE">0</attscale></attr><attr><attrlabl Sync="TRUE">GIS_LAST_NAME</attrlabl><attalias Sync="TRUE">GIS_LAST_NAME</attalias><attrtype Sync="TRUE">String</attrtype><attwidth Sync="TRUE">45</attwidth><atprecis Sync="TRUE">0</atprecis><attscale Sync="TRUE">0</attscale></attr><attr><attrlabl Sync="TRUE">GOVERN_ADDRESS</attrlabl><attalias Sync="TRUE">GOVERN_ADDRESS</attalias><attrtype Sync="TRUE">String</attrtype><attwidth Sync="TRUE">50</attwidth><atprecis Sync="TRUE">0</atprecis><attscale Sync="TRUE">0</attscale></attr><attr><attrlabl Sync="TRUE">GOVERN_FIRST_NAME</attrlabl><attalias Sync="TRUE">GOVERN_FIRST_NAME</attalias><attrtype Sync="TRUE">String</attrtype><attwidth Sync="TRUE">35</attwidth><atprecis Sync="TRUE">0</atprecis><attscale Sync="TRUE">0</attscale></attr><attr><attrlabl Sync="TRUE">GOVERN_MID_INITIAL</attrlabl><attalias Sync="TRUE">GOVERN_MID_INITIAL</attalias><attrtype Sync="TRUE">String</attrtype><attwidth Sync="TRUE">25</attwidth><atprecis Sync="TRUE">0</atprecis><attscale Sync="TRUE">0</attscale></attr><attr><attrlabl Sync="TRUE">GOVERN_LAST_NAME</attrlabl><attalias Sync="TRUE">GOVERN_LAST_NAME</attalias><attrtype Sync="TRUE">String</attrtype><attwidth Sync="TRUE">40</attwidth><atprecis Sync="TRUE">0</atprecis><attscale Sync="TRUE">0</attscale></attr><attr><attrlabl Sync="TRUE">GOVERN_COMPANY_NAME</attrlabl><attalias Sync="TRUE">GOVERN_COMPANY_NAME</attalias><attrtype Sync="TRUE">String</attrtype><attwidth Sync="TRUE">80</attwidth><atprecis Sync="TRUE">0</atprecis><attscale Sync="TRUE">0</attscale></attr><attr><attrlabl Sync="TRUE">GOVERN_FULL_NAME</attrlabl><attalias Sync="TRUE">GOVERN_FULL_NAME</attalias><attrtype Sync="TRUE">String</attrtype><attwidth Sync="TRUE">80</attwidth><atprecis Sync="TRUE">0</atprecis><attscale Sync="TRUE">0</attscale></attr><attr><attrlabl Sync="TRUE">SCTM</attrlabl><attalias Sync="TRUE">SCTM</attalias><attrtype Sync="TRUE">String</attrtype><attwidth Sync="TRUE">50</attwidth><atprecis Sync="TRUE">0</atprecis><attscale Sync="TRUE">0</attscale></attr><attr><attrlabl Sync="TRUE">STATUS</attrlabl><attalias Sync="TRUE">STATUS</attalias><attrtype Sync="TRUE">String</attrtype><attwidth Sync="TRUE">1</attwidth><atprecis Sync="TRUE">0</atprecis><attscale Sync="TRUE">0</attscale></attr><attr><attrlabl Sync="TRUE">NA_ID</attrlabl><attalias Sync="TRUE">NA_ID</attalias><attrtype Sync="TRUE">Integer</attrtype><attwidth Sync="TRUE">4</attwidth><atprecis Sync="TRUE">0</atprecis><attscale Sync="TRUE">0</attscale></attr><attr><attrlabl Sync="TRUE">GOV_TAX_MAP</attrlabl><attalias Sync="TRUE">GOV_TAX_MAP</attalias><attrtype Sync="TRUE">String</attrtype><attwidth Sync="TRUE">34</attwidth><atprecis Sync="TRUE">0</atprecis><attscale Sync="TRUE">0</attscale></attr><attr><attrlabl Sync="TRUE">GOVERN_TAXMAP</attrlabl><attalias Sync="TRUE">GOVERN_TAXMAP</attalias><attrtype Sync="TRUE">String</attrtype><attwidth Sync="TRUE">32</attwidth><atprecis Sync="TRUE">0</atprecis><attscale Sync="TRUE">0</attscale></attr><attr><attrlabl Sync="TRUE">NON_PARCEL_ID</attrlabl><attalias Sync="TRUE">NON_PARCEL_ID</attalias><attrtype Sync="TRUE">Integer</attrtype><attwidth Sync="TRUE">4</attwidth><atprecis Sync="TRUE">0</atprecis><attscale Sync="TRUE">0</attscale></attr><attr><attrlabl Sync="TRUE">INACTIVE_YEAR</attrlabl><attalias Sync="TRUE">INACTIVE_YEAR</attalias><attrtype Sync="TRUE">SmallInteger</attrtype><attwidth Sync="TRUE">2</attwidth><atprecis Sync="TRUE">0</atprecis><attscale Sync="TRUE">0</attscale></attr><attr><attrlabl Sync="TRUE">CLASS</attrlabl><attalias Sync="TRUE">CLASS</attalias><attrtype Sync="TRUE">String</attrtype><attwidth Sync="TRUE">15</attwidth><atprecis Sync="TRUE">0</atprecis><attscale Sync="TRUE">0</attscale></attr><attr><attrlabl Sync="TRUE">ROLL_SECTION</attrlabl><attalias Sync="TRUE">ROLL_SECTION</attalias><attrtype Sync="TRUE">String</attrtype><attwidth Sync="TRUE">15</attwidth><atprecis Sync="TRUE">0</atprecis><attscale Sync="TRUE">0</attscale></attr><attr><attrlabl Sync="TRUE">ASSESSMENT_YEAR</attrlabl><attalias Sync="TRUE">ASSESSMENT_YEAR</attalias><attrtype Sync="TRUE">SmallInteger</attrtype><attwidth Sync="TRUE">2</attwidth><atprecis Sync="TRUE">0</atprecis><attscale Sync="TRUE">0</attscale></attr><attr><attrlabl Sync="TRUE">TOTAL_ASSMT</attrlabl><attalias Sync="TRUE">TOTAL_ASSMT</attalias><attrtype Sync="TRUE">Double</attrtype><attwidth Sync="TRUE">8</attwidth><atprecis Sync="TRUE">0</atprecis><attscale Sync="TRUE">0</attscale></attr><attr><attrlabl Sync="TRUE">TAX_YEAR</attrlabl><attalias Sync="TRUE">TAX_YEAR</attalias><attrtype Sync="TRUE">SmallInteger</attrtype><attwidth Sync="TRUE">2</attwidth><atprecis Sync="TRUE">0</atprecis><attscale Sync="TRUE">0</attscale></attr><attr><attrlabl Sync="TRUE">TOTAL_TAXES</attrlabl><attalias Sync="TRUE">TOTAL_TAXES</attalias><attrtype Sync="TRUE">Double</attrtype><attwidth Sync="TRUE">8</attwidth><atprecis Sync="TRUE">0</atprecis><attscale Sync="TRUE">0</attscale></attr><attr><attrlabl Sync="TRUE">AMT_DUE_1</attrlabl><attalias Sync="TRUE">AMT_DUE_1</attalias><attrtype Sync="TRUE">Double</attrtype><attwidth Sync="TRUE">8</attwidth><atprecis Sync="TRUE">0</atprecis><attscale Sync="TRUE">0</attscale></attr><attr><attrlabl Sync="TRUE">AMT_PAID_1</attrlabl><attalias Sync="TRUE">AMT_PAID_1</attalias><attrtype Sync="TRUE">Double</attrtype><attwidth Sync="TRUE">8</attwidth><atprecis Sync="TRUE">0</atprecis><attscale Sync="TRUE">0</attscale></attr><attr><attrlabl Sync="TRUE">AMT_PEN_1</attrlabl><attalias Sync="TRUE">AMT_PEN_1</attalias><attrtype Sync="TRUE">Double</attrtype><attwidth Sync="TRUE">8</attwidth><atprecis Sync="TRUE">0</atprecis><attscale Sync="TRUE">0</attscale></attr><attr><attrlabl Sync="TRUE">PAID_NAME_1</attrlabl><attalias Sync="TRUE">PAID_NAME_1</attalias><attrtype Sync="TRUE">String</attrtype><attwidth Sync="TRUE">50</attwidth><atprecis Sync="TRUE">0</atprecis><attscale Sync="TRUE">0</attscale></attr><attr><attrlabl Sync="TRUE">PAID_DATE_1</attrlabl><attalias Sync="TRUE">PAID_DATE_1</attalias><attrtype Sync="TRUE">Date</attrtype><attwidth Sync="TRUE">8</attwidth><atprecis Sync="TRUE">0</atprecis><attscale Sync="TRUE">0</attscale></attr><attr><attrlabl Sync="TRUE">AMT_DUE_2</attrlabl><attalias Sync="TRUE">AMT_DUE_2</attalias><attrtype Sync="TRUE">Double</attrtype><attwidth Sync="TRUE">8</attwidth><atprecis Sync="TRUE">0</atprecis><attscale Sync="TRUE">0</attscale></attr><attr><attrlabl Sync="TRUE">AMT_PAID_2</attrlabl><attalias Sync="TRUE">AMT_PAID_2</attalias><attrtype Sync="TRUE">Double</attrtype><attwidth Sync="TRUE">8</attwidth><atprecis Sync="TRUE">0</atprecis><attscale Sync="TRUE">0</attscale></attr><attr><attrlabl Sync="TRUE">AMT_PEN_2</attrlabl><attalias Sync="TRUE">AMT_PEN_2</attalias><attrtype Sync="TRUE">Double</attrtype><attwidth Sync="TRUE">8</attwidth><atprecis Sync="TRUE">0</atprecis><attscale Sync="TRUE">0</attscale></attr><attr><attrlabl Sync="TRUE">PAID_NAME_2</attrlabl><attalias Sync="TRUE">PAID_NAME_2</attalias><attrtype Sync="TRUE">String</attrtype><attwidth Sync="TRUE">50</attwidth><atprecis Sync="TRUE">0</atprecis><attscale Sync="TRUE">0</attscale></attr><attr><attrlabl Sync="TRUE">PAID_DATE_2</attrlabl><attalias Sync="TRUE">PAID_DATE_2</attalias><attrtype Sync="TRUE">Date</attrtype><attwidth Sync="TRUE">8</attwidth><atprecis Sync="TRUE">0</atprecis><attscale Sync="TRUE">0</attscale></attr><attr><attrlabl Sync="TRUE">Acres</attrlabl><attalias Sync="TRUE">Acres</attalias><attrtype Sync="TRUE">Double</attrtype><attwidth Sync="TRUE">8</attwidth><atprecis Sync="TRUE">0</atprecis><attscale Sync="TRUE">0</attscale></attr><attr><attrlabl Sync="TRUE">Area_Sq_Ft</attrlabl><attalias Sync="TRUE">Area_Sq_Ft</attalias><attrtype Sync="TRUE">Double</attrtype><attwidth Sync="TRUE">8</attwidth><atprecis Sync="TRUE">0</atprecis><attscale Sync="TRUE">0</attscale></attr><attr><attrlabl Sync="TRUE">BTCAMP</attrlabl><attalias Sync="TRUE">BTCAMP</attalias><attrtype Sync="TRUE">Double</attrtype><attwidth Sync="TRUE">8</attwidth><atprecis Sync="TRUE">0</atprecis><attscale Sync="TRUE">0</attscale></attr><attr><attrlabl Sync="TRUE">Zoning</attrlabl><attalias Sync="TRUE">Zoning</attalias><attrtype Sync="TRUE">String</attrtype><attwidth Sync="TRUE">6</attwidth><atprecis Sync="TRUE">0</atprecis><attscale Sync="TRUE">0</attscale></attr><attr><attrlabl Sync="TRUE">School_District</attrlabl><attalias Sync="TRUE">School_District</attalias><attrtype Sync="TRUE">Double</attrtype><attwidth Sync="TRUE">8</attwidth><atprecis Sync="TRUE">0</atprecis><attscale Sync="TRUE">0</attscale></attr><attr><attrlabl Sync="TRUE">Fire_District</attrlabl><attalias Sync="TRUE">Fire_District</attalias><attrtype Sync="TRUE">Double</attrtype><attwidth Sync="TRUE">8</attwidth><atprecis Sync="TRUE">0</atprecis><attscale Sync="TRUE">0</attscale></attr><attr><attrlabl Sync="TRUE">Adjacent_Public_Water</attrlabl><attalias Sync="TRUE">Adjacent_Public_Water</attalias><attrtype Sync="TRUE">Double</attrtype><attwidth Sync="TRUE">8</attwidth><atprecis Sync="TRUE">0</atprecis><attscale Sync="TRUE">0</attscale></attr><attr><attrlabl Sync="TRUE">Affordable_Housing_Overlay</attrlabl><attalias Sync="TRUE">Affordable_Housing_Overlay</attalias><attrtype Sync="TRUE">Double</attrtype><attwidth Sync="TRUE">8</attwidth><atprecis Sync="TRUE">0</atprecis><attscale Sync="TRUE">0</attscale></attr><attr><attrlabl Sync="TRUE">Limited_Business_Overlay</attrlabl><attalias Sync="TRUE">Limited_Business_Overlay</attalias><attrtype Sync="TRUE">Double</attrtype><attwidth Sync="TRUE">8</attwidth><atprecis Sync="TRUE">0</atprecis><attscale Sync="TRUE">0</attscale></attr><attr><attrlabl Sync="TRUE">Agricultural_District</attrlabl><attalias Sync="TRUE">Agricultural_District</attalias><attrtype Sync="TRUE">Double</attrtype><attwidth Sync="TRUE">8</attwidth><atprecis Sync="TRUE">0</atprecis><attscale Sync="TRUE">0</attscale></attr><attr><attrlabl Sync="TRUE">Water_Recharge</attrlabl><attalias Sync="TRUE">Water_Recharge</attalias><attrtype Sync="TRUE">Double</attrtype><attwidth Sync="TRUE">8</attwidth><atprecis Sync="TRUE">0</atprecis><attscale Sync="TRUE">0</attscale></attr><attr><attrlabl Sync="TRUE">HPOD</attrlabl><attalias Sync="TRUE">HPOD</attalias><attrtype Sync="TRUE">Double</attrtype><attwidth Sync="TRUE">8</attwidth><atprecis Sync="TRUE">0</atprecis><attscale Sync="TRUE">0</attscale></attr><attr><attrlabl Sync="TRUE">Recreation_Overlay_District</attrlabl><attalias Sync="TRUE">Recreation_Overlay_District</attalias><attrtype Sync="TRUE">Double</attrtype><attwidth Sync="TRUE">8</attwidth><atprecis Sync="TRUE">0</atprecis><attscale Sync="TRUE">0</attscale></attr><attr><attrlabl Sync="TRUE">Coastal_Zone</attrlabl><attalias Sync="TRUE">Coastal_Zone</attalias><attrtype Sync="TRUE">String</attrtype><attwidth Sync="TRUE">8</attwidth><atprecis Sync="TRUE">0</atprecis><attscale Sync="TRUE">0</attscale></attr><attr><attrlabl Sync="TRUE">H2OZoneV</attrlabl><attalias Sync="TRUE">H2OZoneV</attalias><attrtype Sync="TRUE">Double</attrtype><attwidth Sync="TRUE">8</attwidth><atprecis Sync="TRUE">0</atprecis><attscale Sync="TRUE">0</attscale></attr><attr><attrlabl Sync="TRUE">SGPA</attrlabl><attalias Sync="TRUE">SGPA</attalias><attrtype Sync="TRUE">Double</attrtype><attwidth Sync="TRUE">8</attwidth><atprecis Sync="TRUE">0</atprecis><attscale Sync="TRUE">0</attscale></attr><attr><attrlabl Sync="TRUE">Pine_Barren_Region</attrlabl><attalias Sync="TRUE">Pine_Barren_Region</attalias><attrtype Sync="TRUE">Double</attrtype><attwidth Sync="TRUE">8</attwidth><atprecis Sync="TRUE">0</atprecis><attscale Sync="TRUE">0</attscale></attr><attr><attrlabl Sync="TRUE">LWRP_EH_Coastal_Boundary</attrlabl><attalias Sync="TRUE">LWRP_EH_Coastal_Boundary</attalias><attrtype Sync="TRUE">Double</attrtype><attwidth Sync="TRUE">8</attwidth><atprecis Sync="TRUE">0</atprecis><attscale Sync="TRUE">0</attscale></attr><attr><attrlabl Sync="TRUE">Land_Acquisition</attrlabl><attalias Sync="TRUE">Land_Acquisition</attalias><attrtype Sync="TRUE">String</attrtype><attwidth Sync="TRUE">100</attwidth><atprecis Sync="TRUE">0</atprecis><attscale Sync="TRUE">0</attscale></attr><attr><attrlabl Sync="TRUE">Nature_Preserves</attrlabl><attalias Sync="TRUE">Nature_Preserves</attalias><attrtype Sync="TRUE">Double</attrtype><attwidth Sync="TRUE">8</attwidth><atprecis Sync="TRUE">0</atprecis><attscale Sync="TRUE">0</attscale></attr><attr><attrlabl Sync="TRUE">Nature_Conservancy</attrlabl><attalias Sync="TRUE">Nature_Conservancy</attalias><attrtype Sync="TRUE">String</attrtype><attwidth Sync="TRUE">50</attwidth><atprecis Sync="TRUE">0</atprecis><attscale Sync="TRUE">0</attscale></attr><attr><attrlabl Sync="TRUE">Historic_Site</attrlabl><attalias Sync="TRUE">Historic_Site</attalias><attrtype Sync="TRUE">Double</attrtype><attwidth Sync="TRUE">8</attwidth><atprecis Sync="TRUE">0</atprecis><attscale Sync="TRUE">0</attscale></attr><attr><attrlabl Sync="TRUE">Historic_Name</attrlabl><attalias Sync="TRUE">Historic_Name</attalias><attrtype Sync="TRUE">String</attrtype><attwidth Sync="TRUE">45</attwidth><atprecis Sync="TRUE">0</atprecis><attscale Sync="TRUE">0</attscale></attr><attr><attrlabl Sync="TRUE">Architectural_History</attrlabl><attalias Sync="TRUE">Architectural_History</attalias><attrtype Sync="TRUE">Double</attrtype><attwidth Sync="TRUE">8</attwidth><atprecis Sync="TRUE">0</atprecis><attscale Sync="TRUE">0</attscale></attr><attr><attrlabl Sync="TRUE">NR_Lot_Inspection_File</attrlabl><attalias Sync="TRUE">NR_Lot_Inspection_File</attalias><attrtype Sync="TRUE">String</attrtype><attwidth Sync="TRUE">50</attwidth><atprecis Sync="TRUE">0</atprecis><attscale Sync="TRUE">0</attscale></attr><attr><attrlabl Sync="TRUE">Clearing</attrlabl><attalias Sync="TRUE">Clearing</attalias><attrtype Sync="TRUE">String</attrtype><attwidth Sync="TRUE">150</attwidth><atprecis Sync="TRUE">0</atprecis><attscale Sync="TRUE">0</attscale></attr><attr><attrlabl Sync="TRUE">Old_File_Map</attrlabl><attalias Sync="TRUE">Old_File_Map</attalias><attrtype Sync="TRUE">String</attrtype><attwidth Sync="TRUE">50</attwidth><atprecis Sync="TRUE">0</atprecis><attscale Sync="TRUE">0</attscale></attr><attr><attrlabl Sync="TRUE">Filed_Subdivision</attrlabl><attalias Sync="TRUE">Filed_Subdivision</attalias><attrtype Sync="TRUE">String</attrtype><attwidth Sync="TRUE">50</attwidth><atprecis Sync="TRUE">0</atprecis><attscale Sync="TRUE">0</attscale></attr><attr><attrlabl Sync="TRUE">Filed_Subdivision_Name</attrlabl><attalias Sync="TRUE">Filed_Subdivision_Name</attalias><attrtype Sync="TRUE">String</attrtype><attwidth Sync="TRUE">45</attwidth><atprecis Sync="TRUE">0</atprecis><attscale Sync="TRUE">0</attscale></attr><attr><attrlabl Sync="TRUE">Filed_Subwaiver</attrlabl><attalias Sync="TRUE">Filed_Subwaiver</attalias><attrtype Sync="TRUE">String</attrtype><attwidth Sync="TRUE">50</attwidth><atprecis Sync="TRUE">0</atprecis><attscale Sync="TRUE">0</attscale></attr><attr><attrlabl Sync="TRUE">Filed_Subwaiver_Name</attrlabl><attalias Sync="TRUE">Filed_Subwaiver_Name</attalias><attrtype Sync="TRUE">String</attrtype><attwidth Sync="TRUE">45</attwidth><atprecis Sync="TRUE">0</atprecis><attscale Sync="TRUE">0</attscale></attr><attr><attrlabl Sync="TRUE">Perimeter</attrlabl><attalias Sync="TRUE">Perimeter</attalias><attrtype Sync="TRUE">Double</attrtype><attwidth Sync="TRUE">8</attwidth><atprecis Sync="TRUE">0</atprecis><attscale Sync="TRUE">0</attscale></attr><attr><attrlabl Sync="TRUE">Parcel_Edits</attrlabl><attalias Sync="TRUE">Parcel_Edits</attalias><attrtype Sync="TRUE">SmallInteger</attrtype><attwidth Sync="TRUE">2</attwidth><atprecis Sync="TRUE">0</atprecis><attscale Sync="TRUE">0</attscale></attr><attr><attrlabl Sync="TRUE">Zone_Map_Sheets</attrlabl><attalias Sync="TRUE">Zone_Map_Sheets</attalias><attrtype Sync="TRUE">String</attrtype><attwidth Sync="TRUE">10</attwidth><atprecis Sync="TRUE">0</atprecis><attscale Sync="TRUE">0</attscale></attr><attr><attrlabl Sync="TRUE">Historic_Districts</attrlabl><attalias Sync="TRUE">Historic_Districts</attalias><attrtype Sync="TRUE">String</attrtype><attwidth Sync="TRUE">75</attwidth><atprecis Sync="TRUE">0</atprecis><attscale Sync="TRUE">0</attscale></attr><attr><attrlabl Sync="TRUE">Building_Permits_Issued</attrlabl><attalias Sync="TRUE">Building_Permits_Issued</attalias><attrtype Sync="TRUE">String</attrtype><attwidth Sync="TRUE">25</attwidth><atprecis Sync="TRUE">0</atprecis><attscale Sync="TRUE">0</attscale></attr><attr><attrlabl Sync="TRUE">GlobalID</attrlabl><attalias Sync="TRUE">GlobalID</attalias><attrtype Sync="TRUE">GlobalID</attrtype><attwidth Sync="TRUE">38</attwidth><atprecis Sync="TRUE">0</atprecis><attscale Sync="TRUE">0</attscale></attr><attr><attrlabl Sync="TRUE">Shape_Length</attrlabl><attalias Sync="TRUE">Shape_Length</attalias><attrtype Sync="TRUE">Double</attrtype><attwidth Sync="TRUE">8</attwidth><atprecis Sync="TRUE">0</atprecis><attscale Sync="TRUE">0</attscale><attrdef Sync="TRUE">Length of feature in internal units.</attrdef><attrdefs Sync="TRUE">ESRI</attrdefs><attrdomv><udom Sync="TRUE">Positive real numbers that are automatically generated.</udom></attrdomv></attr><attr><attrlabl Sync="TRUE">Shape_Area</attrlabl><attalias Sync="TRUE">Shape_Area</attalias><attrtype Sync="TRUE">Double</attrtype><attwidth Sync="TRUE">8</attwidth><atprecis Sync="TRUE">0</atprecis><attscale Sync="TRUE">0</attscale><attrdef Sync="TRUE">Area of feature in internal units squared.</attrdef><attrdefs Sync="TRUE">ESRI</attrdefs><attrdomv><udom Sync="TRUE">Positive real numbers that are automatically generated.</udom></attrdomv></attr></detailed></eainfo><mdDateSt Sync="TRUE">20160111</mdDateSt></metadata>
