<?xml version="1.0"?>
<metadata xml:lang="en"><idinfo><citation><citeinfo><onlink>\\surly\flood\02\NY\Suffolk_36103C\STUDY\TECHNICAL\COASTAL\TOPO\Shorelines\Mapping Shoreline\Mapping_Shoreline.shp</onlink><origin>Coastal Services Group</origin><pubdate>Unknown</pubdate><title>Mapping_Shoreline</title><geoform>vector digital data</geoform></citeinfo></citation><native>Microsoft Windows XP Version 5.1 (Build 2600) Service Pack 2; ESRI ArcCatalog 9.2.4.1420</native><descript><abstract>Vector shoreline for Suffolk County, NY.  Created in support of FEMA Region II Flood Insurance Study.  Extracted from topographic DEMs created from Fall 2006 topographic LiDAR.</abstract><purpose>Baseline for FEMA FIS coastal hazard modeling for Suffolk County, NY</purpose></descript><timeperd><current>ground condition</current><timeinfo><sngdate><caldate>Fall 2006</caldate></sngdate></timeinfo></timeperd><status><progress>Complete</progress><update>None planned</update></status><spdom><bounding><westbc>-73.499394</westbc><eastbc>-71.849054</eastbc><northbc>41.309868</northbc><southbc>40.590387</southbc></bounding></spdom><keywords><theme><themekey>Vector shoreline</themekey></theme><place><placekey>Suffolk County, NY</placekey></place><temporal><tempkey>Fall 2006</tempkey></temporal></keywords><accconst>None</accconst><useconst>Best representation of zero topographic elevation relative to NAVD 88.  Contains segments that were representative of lowest continous contour along the coast.  Represents contours from 0-2.5 ft NAVD 88.</useconst><ptcontac><cntinfo><cntperp><cntper>Mat Mampara</cntper><cntorg>Dewberry and Davis, LLC</cntorg></cntperp><cntpos>Project Manager</cntpos><cntvoice>703-849-2016</cntvoice><cntemail>mmapara@dewberry.com</cntemail></cntinfo></ptcontac><datacred>Dewberry and Davis, LLC</datacred><secinfo><secclass>Unclassified</secclass></secinfo></idinfo><distInfo><distributor><distorTran><onLineSrc><linkage>file://\\surly\flood\02\NY\Suffolk_36103C\STUDY\TECHNICAL\COASTAL\TOPO\Shorelines\Mapping Shoreline\Mapping_Shoreline.shp</linkage><protocol>Local Area Network</protocol><orDesc>002</orDesc></onLineSrc><transSize>30.541</transSize></distorTran><distorFormat><formatName>Shapefile</formatName></distorFormat></distributor></distInfo><dataqual><lineage><procstep><procdesc>Vector contour extracted from DEM w/ 10 ft cell size using Contour_List command.</procdesc><date>20070911</date><time>09574300</time></procstep><procstep><procdesc>Overwater areas removed and shoreline quality controlled and edited to aerial basemap where necessary.</procdesc></procstep></lineage><attracc><attraccr>This vectore shoreline is representative of a topographic zero at the time of survey.  Some segments are comprised of contours for the 0-2.5 ft elevations.  These contours were used in locations where a true zero contour could not be extracted from the DEM due to water levels at the time of survey.</attraccr></attracc><posacc><horizpa><horizpar>Extracted from DEM with 10 ft cells created from mass point LiDAR data with nominal 1 m postings.</horizpar><qhorizpa><horizpav>3 ft @ 95% confidence interval</horizpav><horizpae>Accuracy of LiDAR mass points from which the DEM and shoreline were derived</horizpae></qhorizpa></horizpa><vertacc><vertaccr>Extracted from DEM with 10 ft cells created from mass point LiDAR data with nominal 1 m postings.</vertaccr><qvertpa><vertaccv>0.36 ft</vertaccv><vertacce>Vertical RMSE of LiDAR mass points from which the DEM and shoreline were derived</vertacce></qvertpa></vertacc></posacc></dataqual><dataIdInfo><envirDesc>Microsoft Windows XP Version 5.1 (Build 2600) Service Pack 2; ESRI ArcCatalog 9.2.4.1420</envirDesc><dataLang><languageCode value="en"/></dataLang><idCitation><resTitle>Mapping_Shoreline</resTitle><presForm><PresFormCd value="005"/></presForm></idCitation><spatRpType><SpatRepTypCd value="001"/></spatRpType><dataExt><geoEle><GeoBndBox esriExtentType="native"><westBL>1123247.066171</westBL><eastBL>1575318.645781</eastBL><northBL>416912.486838</northBL><southBL>161551.521863</southBL><exTypeCode>1</exTypeCode></GeoBndBox></geoEle></dataExt><geoBox esriExtentType="decdegrees"><westBL>-73.499394</westBL><eastBL>-71.849054</eastBL><northBL>41.309868</northBL><southBL>40.590387</southBL><exTypeCode>1</exTypeCode></geoBox></dataIdInfo><metainfo><metstdn>FGDC Content Standards for Digital Geospatial Metadata</metstdn><metstdv>FGDC-STD-001-1998</metstdv><mettc>local time</mettc><metc><cntinfo><cntorgp><cntper>Brian K. Batten</cntper><cntorg>Dewberry and Davis, LLC</cntorg></cntorgp><cntaddr><addrtype>REQUIRED: The mailing and/or physical address for the organization or individual.</addrtype><city>REQUIRED: The city of the address.</city><state>REQUIRED: The state or province of the address.</state><postal>REQUIRED: The ZIP or other postal code of the address.</postal></cntaddr><cntvoice>703-849-0541</cntvoice><cntpos>Lead Coastal Scientist</cntpos><cntemail>bbatten@dewberry.com</cntemail></cntinfo></metc><metd>20080527</metd></metainfo><mdLang><languageCode value="en"/></mdLang><mdStanName>ISO 19115 Geographic Information - Metadata</mdStanName><mdStanVer>DIS_ESRI1.0</mdStanVer><mdChar><CharSetCd value="004"/></mdChar><mdHrLv><ScopeCd value="005"/></mdHrLv><mdHrLvName>dataset</mdHrLvName><distinfo><resdesc>Downloadable Data</resdesc><stdorder><digform><digtinfo><transize>30.541</transize></digtinfo></digform></stdorder></distinfo><spdoinfo><direct>Vector</direct><ptvctinf><sdtsterm><sdtstype>String</sdtstype><ptvctcnt>486</ptvctcnt></sdtsterm></ptvctinf></spdoinfo><spref><horizsys><planar><planci><plance>coordinate pair</plance><plandu>survey feet</plandu><coordrep><absres>0.000000</absres><ordres>0.000000</ordres></coordrep></planci><mapproj><mapprojn>Lambert Conformal Conic</mapprojn><lambertc><stdparll>40.666667</stdparll><stdparll>41.033333</stdparll><longcm>-74.000000</longcm><latprjo>40.166667</latprjo><feast>984250.000000</feast><fnorth>0.000000</fnorth></lambertc></mapproj></planar><geodetic><horizdn>North American Datum of 1983</horizdn><ellips>Geodetic Reference System 80</ellips><semiaxis>6378137.000000</semiaxis><denflat>298.257222</denflat></geodetic></horizsys><vertdef><altsys><altdatum>North American Vertical Datum of 1988</altdatum><altunits>feet</altunits><altenc>Attribute values</altenc></altsys></vertdef></spref><refSysInfo><RefSystem><refSysID><identCode>NAD_1983_StatePlane_New_York_Long_Island_FIPS_3104_Feet</identCode></refSysID></RefSystem></refSysInfo><spatRepInfo><VectSpatRep><topLvl><TopoLevCd value="001"/></topLvl><geometObjs><geoObjTyp><GeoObjTypCd value="001"/></geoObjTyp><geoObjCnt>486</geoObjCnt></geometObjs></VectSpatRep></spatRepInfo><eainfo><detailed><enttyp><enttypl>Mapping_Shoreline</enttypl></enttyp><attr><attrlabl>FID</attrlabl><attrdef>Internal feature number.</attrdef><attrdefs>ESRI</attrdefs><attrdomv><udom>Sequential unique whole numbers that are automatically generated.</udom></attrdomv></attr><attr><attrlabl>Shape</attrlabl><attrdef>Feature geometry.</attrdef><attrdefs>ESRI</attrdefs><attrdomv><udom>Coordinates defining the features.</udom></attrdomv></attr><attr><attrlabl>ID</attrlabl></attr><attr><attrlabl>CONTOUR</attrlabl></attr><attr><attrlabl>Z</attrlabl></attr><attr><attrlabl>Length</attrlabl></attr></detailed></eainfo><mdDateSt>20080527</mdDateSt><Esri><DataProperties><copyHistory><copy source="W:\TECH\NYS DEC\GLOBAL_DATA\Suffolk Bathy\Mapping_Shoreline" dest="\\surly.mcs.local\projects\ccsi\TECH\NYSERDA\CEHA\BASE_DATA\shoreline\Mapping_Shoreline" date="20130502" time="15261000"></copy></copyHistory></DataProperties><CreaDate>20160930</CreaDate><CreaTime>11273300</CreaTime><ArcGISFormat>1.0</ArcGISFormat><ArcGISstyle>FGDC CSDGM Metadata</ArcGISstyle><SyncOnce>TRUE</SyncOnce></Esri></metadata>
