<?xml version="1.0" encoding="UTF-8"?>
<metadata xml:lang="en"><Esri><CreaDate>20160930</CreaDate><CreaTime>11271800</CreaTime><ArcGISFormat>1.0</ArcGISFormat><ArcGISstyle>FGDC CSDGM Metadata</ArcGISstyle><SyncOnce>TRUE</SyncOnce><DataProperties><lineage><Process ToolSource="c:\program files (x86)\arcgis\desktop10.1\ArcToolbox\Toolboxes\Data Management Tools.tbx\CalculateField" Date="20151210" Time="151122">CalculateField struct_digitized_raw Class "Secondary" VB #</Process><Process ToolSource="c:\program files (x86)\arcgis\desktop10.1\ArcToolbox\Toolboxes\Data Management Tools.tbx\CalculateField" Date="20151210" Time="151236">CalculateField struct_digitized_raw Class "Primary" VB #</Process><Process ToolSource="c:\program files (x86)\arcgis\desktop10.1\ArcToolbox\Toolboxes\Data Management Tools.tbx\CalculateField" Date="20151211" Time="172203">CalculateField struct_digitized_raw str_raw [FID]+1 VB #</Process><Process ToolSource="c:\program files (x86)\arcgis\desktop10.1\ArcToolbox\Toolboxes\Data Management Tools.tbx\CalculateField" Date="20151221" Time="121255">CalculateField struct_digitized_raw Class "Primary" VB #</Process><Process ToolSource="c:\program files (x86)\arcgis\desktop10.1\ArcToolbox\Toolboxes\Data Management Tools.tbx\CalculateField" Date="20151221" Time="121324">CalculateField struct_digitized_raw Class "Primary" VB #</Process><Process ToolSource="c:\program files (x86)\arcgis\desktop10.1\ArcToolbox\Toolboxes\Data Management Tools.tbx\CalculateField" Date="20151221" Time="121354">CalculateField struct_digitized_raw Class "Secondary" VB #</Process><Process ToolSource="c:\program files (x86)\arcgis\desktop10.1\ArcToolbox\Toolboxes\Data Management Tools.tbx\CalculateField" Date="20160223" Time="120421">CalculateField struct_digitized_final str_parc 1 VB #</Process><Process ToolSource="c:\program files (x86)\arcgis\desktop10.1\ArcToolbox\Toolboxes\Data Management Tools.tbx\CalculateField" Date="20160223" Time="120542">CalculateField struct_digitized_final str_parc 0 VB #</Process><Process ToolSource="c:\program files (x86)\arcgis\desktop10.1\ArcToolbox\Toolboxes\Data Management Tools.tbx\CalculateField" Date="20160823" Time="145911">CalculateField structures_digitized VLG_NAME "VILLAGE OF SAG HARBOR" VB #</Process><Process ToolSource="c:\program files (x86)\arcgis\desktop10.1\ArcToolbox\Toolboxes\Data Management Tools.tbx\CalculateField" Date="20160823" Time="150255">CalculateField structures_digitized VLG_NAME "" VB #</Process><Process ToolSource="c:\program files (x86)\arcgis\desktop10.1\ArcToolbox\Toolboxes\Data Management Tools.tbx\CalculateField" Date="20160823" Time="150307">CalculateField structures_digitized VLG_ID "0" VB #</Process><Process ToolSource="c:\program files (x86)\arcgis\desktop10.1\ArcToolbox\Toolboxes\Data Management Tools.tbx\CalculateField" Date="20160823" Time="150646">CalculateField structures_digitized VLG_ID "VLG0427" VB #</Process><Process ToolSource="c:\program files (x86)\arcgis\desktop10.4\ArcToolbox\Toolboxes\Data Management Tools.tbx\CalculateField" Date="20160901" Time="125626">CalculateField structures_digitized str_raw [FID]+1 VB #</Process><Process ToolSource="c:\program files (x86)\arcgis\desktop10.4\ArcToolbox\Toolboxes\Data Management Tools.tbx\CalculateField" Date="20160901" Time="125748">CalculateField structures_digitized straw [FID]+1 VB #</Process><Process ToolSource="c:\program files (x86)\arcgis\desktop10.4\ArcToolbox\Toolboxes\Data Management Tools.tbx\CalculateField" Date="20160901" Time="161805">CalculateField structures_digitized parcelID 22991
 VB #</Process><Process ToolSource="c:\program files (x86)\arcgis\desktop10.4\ArcToolbox\Toolboxes\Data Management Tools.tbx\CalculateField" Date="20160901" Time="161828">CalculateField structures_digitized SHORELN_ID 2
 VB #</Process><Process ToolSource="c:\program files (x86)\arcgis\desktop10.4\ArcToolbox\Toolboxes\Data Management Tools.tbx\CalculateField" Date="20160901" Time="161840">CalculateField structures_digitized SHORELN_ID 1 VB #</Process><Process ToolSource="c:\program files (x86)\arcgis\desktop10.4\ArcToolbox\Toolboxes\Data Management Tools.tbx\CalculateField" Date="20160901" Time="162343">CalculateField structures_digitized CNTY_NAME "SUFFOLK COUNTY, NEW YORK" VB #</Process><Process ToolSource="c:\program files (x86)\arcgis\desktop10.4\ArcToolbox\Toolboxes\Data Management Tools.tbx\CalculateField" Date="20160901" Time="162400">CalculateField structures_digitized CNTY_FIPS 36103 VB #</Process><Process ToolSource="c:\program files (x86)\arcgis\desktop10.4\ArcToolbox\Toolboxes\Data Management Tools.tbx\CalculateField" Date="20160901" Time="162420">CalculateField structures_digitized CTN_NAME "TOWN OF EAST HAMPTON" VB #</Process><Process ToolSource="c:\program files (x86)\arcgis\desktop10.4\ArcToolbox\Toolboxes\Data Management Tools.tbx\CalculateField" Date="20160901" Time="162437">CalculateField structures_digitized CTN_ID "CTN0945" VB #</Process><Process ToolSource="c:\program files (x86)\arcgis\desktop10.4\ArcToolbox\Toolboxes\Data Management Tools.tbx\CalculateField" Date="20160901" Time="162615">CalculateField structures_digitized VLG_NAME "VILLAGE OF EAST HAMPTON" VB #</Process><Process ToolSource="c:\program files (x86)\arcgis\desktop10.4\ArcToolbox\Toolboxes\Data Management Tools.tbx\CalculateField" Date="20160901" Time="162631">CalculateField structures_digitized VLG_ID "VLG0431" VB #</Process><Process ToolSource="c:\program files (x86)\arcgis\desktop10.4\ArcToolbox\Toolboxes\Data Management Tools.tbx\CalculateField" Date="20160901" Time="162838">CalculateField structures_digitized VLG_ID "0" VB #</Process><Process ToolSource="c:\program files (x86)\arcgis\desktop10.4\ArcToolbox\Toolboxes\Data Management Tools.tbx\CalculateField" Date="20160901" Time="163113">CalculateField structures_digitized Functional "Full" VB #</Process><Process ToolSource="c:\program files (x86)\arcgis\desktop10.4\ArcToolbox\Toolboxes\Data Management Tools.tbx\CalculateField" Date="20160901" Time="163302">CalculateField structures_digitized Functional "" VB #</Process><Process ToolSource="c:\program files (x86)\arcgis\desktop10.4\ArcToolbox\Toolboxes\Data Management Tools.tbx\CalculateField" Date="20160901" Time="170407">CalculateField struct_full_1 stpid [FID]+1 VB #</Process></lineage><itemProps><itemLocation><linkage Sync="TRUE">file://\\surly.mcs.local\Projects\ccsi\TECH\NYSERDA\CoastalResiliencyEH\TECH\DATA\analysis\work_tm\structures_digitized</linkage><protocol Sync="TRUE">Local Area Network</protocol></itemLocation></itemProps><copyHistory><copy source="W:\TECH\NYSERDA\CoastalResiliencyEH\TECH\DATA\analysis\structures_digitized" dest="\\surly.mcs.local\Projects\ccsi\TECH\NYSERDA\CoastalResiliencyEH\TECH\DATA\analysis\work_tm\structures_digitized" date="20160816" time="17195200"></copy></copyHistory></DataProperties></Esri></metadata>
