<?xml version="1.0" encoding="UTF-8"?>
<metadata><idinfo><citation><citeinfo><origin>New York State Energy Research and Development Authority</origin><pubdate>20160829</pubdate><title>Digitized erosion control structures in the Springs community of East Hampton, NY</title><geoform>Vector Digital Data Set (Polyline)</geoform></citeinfo></citation><descript><abstract>These data are represent coastal erosion control structures in the Springs community of the Town of East Hampton, NY.  Data was digitized from 2013 aerial imagery from NYSDEC.  Structure attributes determined from aerial and oblique imagery, as well as field visits.</abstract><purpose>These data were collected to create an inventory of coastal erosion control structures in the Town of East Hampton, NY.</purpose><supplinf>Strcutures digitized from 2013 aerial imagery.  Transects were cast perpendiclar to structures laterally spaced 5 feet.  Transects were attributed with elevations from a 2012 NYSDEC Lidar dataset.  The toe and crest of the erosion control structure was visually identified in the transect profiles.  A structure's mean, min and max elevation was calculated.  Control elevation determined by structure type: shore perpendicular/sand retention structures use the max elevation; shore parallel/shore armor structures use mean elevation.  Structure attributes determined from oblique imagery and field investigation.  Permit and parcel data based on spatial join with relevent datasets.  SWEL elevations determined from FEMA SWEL heights.</supplinf></descript><timeperd><timeinfo><sngdate><caldate>20160829</caldate></sngdate></timeinfo><current>publication date</current></timeperd><status><progress>Complete</progress><update>As needed</update></status><spdom><bounding><westbc>-72.169174867</westbc><eastbc>-72.135575287</eastbc><northbc>41.053873303</northbc><southbc>41.024993066</southbc></bounding></spdom><keywords><theme><themekt>None</themekt><themekey>coastal erosion</themekey><themekey>control structures</themekey><themekey>coastal flooding</themekey></theme><place><placekt>None</placekt><placekey>New York</placekey><placekey>Suffolk County</placekey><placekey>East Hampton</placekey><placekey>Long Island</placekey><placekey>Gardiners Bay</placekey></place></keywords><accconst>The intended target audience is the state and local agencies that must make planning decisions for flooding events.</accconst><useconst>None. Users are advised to read the data set's metadata thoroughly to understand appropriate use and data limitations.</useconst><ptcontac><cntinfo><cntorgp><cntorg>New York State Energy Research and Development Authority</cntorg><cntper>Amanda Stevens</cntper></cntorgp><cntpos>Assistant Project Manager, Environmental Research</cntpos><cntaddr><addrtype>Mailing and Physical</addrtype><address>17 Columbia Circle</address><city>Albany</city><state>NY</state><postal>12203-6399</postal></cntaddr><cntvoice>518-862-1090 x3325</cntvoice><cntfax>518-862-1091</cntfax><cntemail>amanda.stevens@nyserda.ny.gov</cntemail></cntinfo></ptcontac><datacred>Funding for this project was provided by the New York State Energy Research and Development Authority (NYSERDA). Lidar data was provided by NYSDEC.  GIS Analysis provided by Dewberry.</datacred><secinfo><secclass>Unclassified</secclass></secinfo><native>Environment as of Metadata Creation: Microsoft Windows 7 Version 6.1 (Build 7601) Service Pack 1; Esri ArcGIS 10.4.1 (Build 5686) Service Pack N/A (Build N/A)</native></idinfo><dataqual><attracc><attraccr>Physical attributes were identified from oblique imagery and confirmed by site visit.  Elevations and heights could not be formally confirmed.</attraccr></attracc><logic>No formal logical accuracy tests were conducted.</logic><complete>Data set is considered complete for the information presented, as described in the abstract. Only coastal structures in the study pilot area are described by this dataset.  Users are advised to read the rest of the metadata record carefully for additional details.</complete><posacc><horizpa><horizpar>A formal accuracy assessment of the horizontal positional information in the data set has not been conducted.</horizpar></horizpa><vertacc><vertaccr>A formal accuracy assessment of the vertical positional information in the data set has either not been conducted, or is not applicable.</vertaccr></vertacc></posacc><lineage><procstep><procdesc>Development of the data set by the agency / individuals identified in the 'Originator' element in the Identification Info section of the record.</procdesc><procdate>Unknown</procdate></procstep></lineage></dataqual><spdoinfo><direct>Vector</direct><ptvctinf><esriterm Name="structures"><efeatyp Sync="TRUE">Simple</efeatyp><efeageom code="3" Sync="TRUE"></efeageom><esritopo Sync="TRUE">FALSE</esritopo><efeacnt Sync="TRUE">100</efeacnt><spindex Sync="TRUE">TRUE</spindex><linrefer Sync="TRUE">FALSE</linrefer></esriterm></ptvctinf></spdoinfo><spref><horizsys><planar><planci><plance>coordinate pair</plance><coordrep><absres>[Unknown]</absres><ordres>[Unknown]</ordres></coordrep><plandu>Foot_US</plandu></planci></planar><geodetic><horizdn>D_North_American_1983</horizdn><ellips>GRS_1980</ellips><semiaxis>6378137.0</semiaxis><denflat>298.257222101</denflat></geodetic></horizsys></spref><eainfo><detailed Name="structures"><enttyp><enttypl>Attribute Table</enttypl><enttypd>Table containing attribute information associated with the data set.</enttypd><enttypds>Producer defined</enttypds><enttypt Sync="TRUE">Feature Class</enttypt><enttypc Sync="TRUE">100</enttypc></enttyp><attr><attrlabl Sync="TRUE">OBJECTID</attrlabl><attalias Sync="TRUE">OBJECTID</attalias><attrtype Sync="TRUE">OID</attrtype><attwidth Sync="TRUE">4</attwidth><atprecis Sync="TRUE">0</atprecis><attscale Sync="TRUE">0</attscale><attrdef Sync="TRUE">Internal feature number.</attrdef><attrdefs Sync="TRUE">Esri</attrdefs><attrdomv><udom Sync="TRUE">Sequential unique whole numbers that are automatically generated.</udom></attrdomv></attr><attr><attrlabl Sync="TRUE">SHAPE</attrlabl><attalias Sync="TRUE">SHAPE</attalias><attrtype Sync="TRUE">Geometry</attrtype><attwidth Sync="TRUE">0</attwidth><atprecis Sync="TRUE">0</atprecis><attscale Sync="TRUE">0</attscale><attrdef Sync="TRUE">Feature geometry.</attrdef><attrdefs Sync="TRUE">Esri</attrdefs><attrdomv><udom Sync="TRUE">Coordinates defining the features.</udom></attrdomv></attr><attr><attrlabl>Struct_ID</attrlabl><attrdef>Unique Structure ID</attrdef><attrdefs>Producer defined</attrdefs><attrdomv><udom>numeric</udom></attrdomv><attalias Sync="TRUE">Structure ID</attalias><attrtype Sync="TRUE">String</attrtype><attwidth Sync="TRUE">50</attwidth><atprecis Sync="TRUE">0</atprecis><attscale Sync="TRUE">0</attscale></attr><attr><attrlabl>County</attrlabl><attrdef>County in which structure is located</attrdef><attrdefs>Producer defined</attrdefs><attrdomv><udom>county name</udom></attrdomv><attalias Sync="TRUE">County</attalias><attrtype Sync="TRUE">String</attrtype><attwidth Sync="TRUE">50</attwidth><atprecis Sync="TRUE">0</atprecis><attscale Sync="TRUE">0</attscale></attr><attr><attrlabl>CNTY_FIPS</attrlabl><attrdef>County FIPS</attrdef><attrdefs>Producer defined</attrdefs><attrdomv><udom>numeric id</udom></attrdomv><attalias Sync="TRUE">County FIPS</attalias><attrtype Sync="TRUE">String</attrtype><attwidth Sync="TRUE">15</attwidth><atprecis Sync="TRUE">0</atprecis><attscale Sync="TRUE">0</attscale></attr><attr><attrlabl>CityTown</attrlabl><attrdef>City/Town in which structure is located</attrdef><attrdefs>Producer defined</attrdefs><attrdomv><udom>town name</udom></attrdomv><attalias Sync="TRUE">CityTown Name</attalias><attrtype Sync="TRUE">String</attrtype><attwidth Sync="TRUE">50</attwidth><atprecis Sync="TRUE">0</atprecis><attscale Sync="TRUE">0</attscale></attr><attr><attrlabl>CTN_ID</attrlabl><attrdef>City/Town ID</attrdef><attrdefs>Producer defined</attrdefs><attrdomv><udom>numeric id</udom></attrdomv><attalias Sync="TRUE">CityTown ID</attalias><attrtype Sync="TRUE">String</attrtype><attwidth Sync="TRUE">15</attwidth><atprecis Sync="TRUE">0</atprecis><attscale Sync="TRUE">0</attscale></attr><attr><attrlabl>Village</attrlabl><attrdef>Village in which structure is located</attrdef><attrdefs>Producer defined</attrdefs><attrdomv><udom>Village name</udom></attrdomv><attalias Sync="TRUE">Village Name</attalias><attrtype Sync="TRUE">String</attrtype><attwidth Sync="TRUE">50</attwidth><atprecis Sync="TRUE">0</atprecis><attscale Sync="TRUE">0</attscale></attr><attr><attrlabl>VLG_ID</attrlabl><attrdef>Village ID</attrdef><attrdefs>Producer defined</attrdefs><attrdomv><udom>numeric id</udom></attrdomv><attalias Sync="TRUE">Village ID</attalias><attrtype Sync="TRUE">String</attrtype><attwidth Sync="TRUE">15</attwidth><atprecis Sync="TRUE">0</atprecis><attscale Sync="TRUE">0</attscale></attr><attr><attrlabl>DSBL</attrlabl><attrdef>District, Section, Block, Lot number of the parcel on which structure is located</attrdef><attrdefs>Town of East Hampton, NY</attrdefs><attrdomv><udom>numeric id</udom></attrdomv><attalias Sync="TRUE">DSBL</attalias><attrtype Sync="TRUE">String</attrtype><attwidth Sync="TRUE">30</attwidth><atprecis Sync="TRUE">0</atprecis><attscale Sync="TRUE">0</attscale></attr><attr><attrlabl>Address</attrlabl><attrdef>Street address of parcel on which structure is located</attrdef><attrdefs>Town of East Hampton</attrdefs><attrdomv><udom>alpha numeric text address</udom></attrdomv><attalias Sync="TRUE">Street Address</attalias><attrtype Sync="TRUE">String</attrtype><attwidth Sync="TRUE">30</attwidth><atprecis Sync="TRUE">0</atprecis><attscale Sync="TRUE">0</attscale></attr><attr><attrlabl>SHORE_ID</attrlabl><attrdef>shoreline ID for political entities with multiple shorelines, e.g. islands.</attrdef><attrdefs>Producer defined</attrdefs><attrdomv><udom>numeric id</udom></attrdomv><attalias Sync="TRUE">Shoreline ID</attalias><attrtype Sync="TRUE">String</attrtype><attwidth Sync="TRUE">10</attwidth><atprecis Sync="TRUE">0</atprecis><attscale Sync="TRUE">0</attscale></attr><attr><attrlabl>ST_Class</attrlabl><attrdef>Structure class</attrdef><attrdefs>Producer defined</attrdefs><attrdomv><edom><edomv>Sand Retention</edomv><edomvd>shore perpendicular structures mean to capture lateral drift: groin, jetty, etc.</edomvd><edomvds>Producer defined</edomvds></edom></attrdomv><attrdomv><edom><edomv>Shore Armor</edomv><edomvd>Shore perpendicular structure intended to protect shore from erosion tdue to tidal, flood and wave action: bulkhead, revetment, etc.</edomvd><edomvds>Producer defined</edomvds></edom></attrdomv><attalias Sync="TRUE">Structure Classification</attalias><attrtype Sync="TRUE">String</attrtype><attwidth Sync="TRUE">30</attwidth><atprecis Sync="TRUE">0</atprecis><attscale Sync="TRUE">0</attscale></attr><attr><attrlabl>ST_Type</attrlabl><attrdef>Type of erosion control structure</attrdef><attrdefs>Producer defined</attrdefs><attrdomv><udom>name of structure type</udom></attrdomv><attalias Sync="TRUE">Structure Type</attalias><attrtype Sync="TRUE">String</attrtype><attwidth Sync="TRUE">25</attwidth><atprecis Sync="TRUE">0</atprecis><attscale Sync="TRUE">0</attscale></attr><attr><attrlabl>ST_Mat</attrlabl><attrdef>principle building material of the structure</attrdef><attrdefs>Producer defined</attrdefs><attrdomv><udom>structure material name</udom></attrdomv><attalias Sync="TRUE">Structure Material</attalias><attrtype Sync="TRUE">String</attrtype><attwidth Sync="TRUE">25</attwidth><atprecis Sync="TRUE">0</atprecis><attscale Sync="TRUE">0</attscale></attr><attr><attrlabl>ST_Cond</attrlabl><attrdef>Structure Condition, expected longevity</attrdef><attrdefs>Producer defined</attrdefs><attrdomv><edom><edomv>Good</edomv><edomvd>Expected to last 20 years</edomvd><edomvds>Producer defined</edomvds></edom></attrdomv><attrdomv><edom><edomv>High</edomv><edomvd>Expected to last 30 years or more</edomvd><edomvds>Producer defined</edomvds></edom></attrdomv><attrdomv><edom><edomv>Medium</edomv><edomvds>Producer defined</edomvds></edom></attrdomv><attrdomv><edom><edomv>Moderate</edomv><edomvd>Expected to fail within 10 years</edomvd><edomvds>Producer defined</edomvds></edom></attrdomv><attrdomv><edom><edomv>Poor</edomv><edomvd>Failed, or likely to fail within 5 years</edomvd><edomvds>Producer defined</edomvds></edom></attrdomv><attalias Sync="TRUE">Structure Condition</attalias><attrtype Sync="TRUE">String</attrtype><attwidth Sync="TRUE">25</attwidth><atprecis Sync="TRUE">0</atprecis><attscale Sync="TRUE">0</attscale></attr><attr><attrlabl>ST_Func</attrlabl><attrdef>Structure Functionality</attrdef><attrdefs>Producer defined</attrdefs><attrdomv><edom><edomv>{Null Value / Empty Field Entry}</edomv><edomvd>unknown, not evaluated</edomvd><edomvds>Producer defined</edomvds></edom></attrdomv><attrdomv><edom><edomv>Full</edomv><edomvd>Structure perfroming as intended: sand retention =&gt;50% impoundment; shore armor = no damage, no overtopping.</edomvd><edomvds>Producer defined</edomvds></edom></attrdomv><attrdomv><edom><edomv>None</edomv><edomvd>structure failed, or not performing as intended: sand retention = no visible effect; shore armor = shoreline exists landward of structure.</edomvd><edomvds>Producer defined</edomvds></edom></attrdomv><attrdomv><edom><edomv>Partial</edomv><edomvd>structure comprimised, but still functional: sand retention = &lt;=50% impoundment; shore armor = partial damage or overtopping.</edomvd><edomvds>Producer defined</edomvds></edom></attrdomv><attalias Sync="TRUE">Structure Functionality</attalias><attrtype Sync="TRUE">String</attrtype><attwidth Sync="TRUE">25</attwidth><atprecis Sync="TRUE">0</atprecis><attscale Sync="TRUE">0</attscale></attr><attr><attrlabl>Date_Bld</attrlabl><attrdef>Structure build date</attrdef><attrdefs>Producer defined</attrdefs><attrdomv><udom>Date</udom></attrdomv><attalias Sync="TRUE">Build Date</attalias><attrtype Sync="TRUE">String</attrtype><attwidth Sync="TRUE">15</attwidth><atprecis Sync="TRUE">0</atprecis><attscale Sync="TRUE">0</attscale></attr><attr><attrlabl>Bld_Src</attrlabl><attrdef>Source of build date</attrdef><attrdefs>Producer defined</attrdefs><attrdomv><udom>text</udom></attrdomv><attalias Sync="TRUE">Build Source</attalias><attrtype Sync="TRUE">String</attrtype><attwidth Sync="TRUE">25</attwidth><atprecis Sync="TRUE">0</atprecis><attscale Sync="TRUE">0</attscale></attr><attr><attrlabl>Date_Mod</attrlabl><attrdef>Date of last modification to structure</attrdef><attrdefs>Producer defined</attrdefs><attrdomv><udom>date</udom></attrdomv><attalias Sync="TRUE">Date of Last Modification</attalias><attrtype Sync="TRUE">String</attrtype><attwidth Sync="TRUE">15</attwidth><atprecis Sync="TRUE">0</atprecis><attscale Sync="TRUE">0</attscale></attr><attr><attrlabl>Mod_Src</attrlabl><attrdef>Source of date of last modification</attrdef><attrdefs>Producer defined</attrdefs><attrdomv><udom>text source</udom></attrdomv><attalias Sync="TRUE">Source of Mod Date</attalias><attrtype Sync="TRUE">String</attrtype><attwidth Sync="TRUE">25</attwidth><atprecis Sync="TRUE">0</atprecis><attscale Sync="TRUE">0</attscale></attr><attr><attrlabl>CEHA_Control</attrlabl><attrdef>Whether or not the structure acts to stabalize the NYSDEC Coastal Erosion Hazard Area line.</attrdef><attrdefs>Producer defined</attrdefs><attrdomv><edom><edomv>FALSE</edomv><edomvds>Producer defined</edomvds></edom></attrdomv><attrdomv><edom><edomv>TRUE</edomv><edomvd>Unknown</edomvd><edomvds>Producer defined</edomvds></edom></attrdomv><attalias Sync="TRUE">CEHA Control</attalias><attrtype Sync="TRUE">String</attrtype><attwidth Sync="TRUE">10</attwidth><atprecis Sync="TRUE">0</atprecis><attscale Sync="TRUE">0</attscale></attr><attr><attrlabl>Visit</attrlabl><attrdef>Was site visit performed during teh study</attrdef><attrdefs>Producer defined</attrdefs><attrdomv><edom><edomv>No</edomv><edomvd>Unknown</edomvd><edomvds>Producer defined</edomvds></edom></attrdomv><attrdomv><edom><edomv>Yes</edomv><edomvd>Unknown</edomvd><edomvds>Producer defined</edomvds></edom></attrdomv><attalias Sync="TRUE">Field Visit</attalias><attrtype Sync="TRUE">String</attrtype><attwidth Sync="TRUE">10</attwidth><atprecis Sync="TRUE">0</atprecis><attscale Sync="TRUE">0</attscale></attr><attr><attrlabl>NTran</attrlabl><attrdef>Number of study transects used to develop the structure elevations.</attrdef><attrdefs>Producer defined</attrdefs><attrdomv><rdom><rdommin>0</rdommin><rdommax>66</rdommax></rdom></attrdomv><attalias Sync="TRUE">Number of Transects</attalias><attrtype Sync="TRUE">SmallInteger</attrtype><attwidth Sync="TRUE">2</attwidth><atprecis Sync="TRUE">0</atprecis><attscale Sync="TRUE">0</attscale></attr><attr><attrlabl>Min_Elev</attrlabl><attrdef>Minimum elevation from the structure's study transects in feet NAVD88.</attrdef><attrdefs>Producer defined</attrdefs><attrdomv><rdom><rdommin>-1.31</rdommin><rdommax>11.61</rdommax><attrunit>feet</attrunit></rdom></attrdomv><attalias Sync="TRUE">Minimum Transect Elevation (ft)</attalias><attrtype Sync="TRUE">Double</attrtype><attwidth Sync="TRUE">8</attwidth><atprecis Sync="TRUE">0</atprecis><attscale Sync="TRUE">0</attscale></attr><attr><attrlabl>Max_Elev</attrlabl><attrdef>Maximum elevation from the structure's study transects in feet NAVD88.</attrdef><attrdefs>Producer defined</attrdefs><attrdomv><rdom><rdommin>-0.17</rdommin><rdommax>15.23</rdommax><attrunit>feet</attrunit></rdom></attrdomv><attalias Sync="TRUE">Maximum Transect Elevation (ft)</attalias><attrtype Sync="TRUE">Double</attrtype><attwidth Sync="TRUE">8</attwidth><atprecis Sync="TRUE">0</atprecis><attscale Sync="TRUE">0</attscale></attr><attr><attrlabl>Mean_Elev</attrlabl><attrdef>Mean elevation from the structure's study transects in feet NAVD88.</attrdef><attrdefs>Producer defined</attrdefs><attrdomv><rdom><rdommin>-0.79</rdommin><rdommax>13.19</rdommax><attrunit>feet</attrunit></rdom></attrdomv><attalias Sync="TRUE">Mean Transect Elevation (ft)</attalias><attrtype Sync="TRUE">Double</attrtype><attwidth Sync="TRUE">8</attwidth><atprecis Sync="TRUE">0</atprecis><attscale Sync="TRUE">0</attscale></attr><attr><attrlabl>Height</attrlabl><attrdef>Mean height of top of structure above ground at the toe of the structure in feet.</attrdef><attrdefs>Producer defined</attrdefs><attrdomv><rdom><rdommin>-0.1</rdommin><rdommax>9.49</rdommax><attrunit>feet</attrunit></rdom></attrdomv><attalias Sync="TRUE">Height above ground (ft)</attalias><attrtype Sync="TRUE">Double</attrtype><attwidth Sync="TRUE">8</attwidth><atprecis Sync="TRUE">0</atprecis><attscale Sync="TRUE">0</attscale></attr><attr><attrlabl>Control_Elev</attrlabl><attrdef>Control elevation of the structure in feet NAVD88.  Shore parallel structures = mean_elev.  Shore perpendicular structures = max height.</attrdef><attrdefs>Producer defined</attrdefs><attrdomv><rdom><rdommin>-0.17</rdommin><rdommax>13.19</rdommax><attrunit>feet</attrunit></rdom></attrdomv><attalias Sync="TRUE">Control Elevation (ft)</attalias><attrtype Sync="TRUE">Double</attrtype><attwidth Sync="TRUE">8</attwidth><atprecis Sync="TRUE">0</atprecis><attscale Sync="TRUE">0</attscale></attr><attr><attrlabl>sMHHW_ft</attrlabl><attrdef>Mean High High Water still water elevation in feet NAVD88.</attrdef><attrdefs>Producer defined</attrdefs><attrdomv><rdom><rdommin>1.02</rdommin><rdommax>1.12</rdommax></rdom></attrdomv><attalias Sync="TRUE">MHHW SWEL (ft)</attalias><attrtype Sync="TRUE">Double</attrtype><attwidth Sync="TRUE">8</attwidth><atprecis Sync="TRUE">0</atprecis><attscale Sync="TRUE">0</attscale></attr><attr><attrlabl>s010_ft</attrlabl><attrdef>10% flood event Still Water Elevation in feet NAVD88.</attrdef><attrdefs>Producer defined</attrdefs><attrdomv><rdom><rdommin>3.5</rdommin><rdommax>3.5</rdommax><attrunit>feet</attrunit></rdom></attrdomv><attalias Sync="TRUE">10yr SWEL (ft)</attalias><attrtype Sync="TRUE">Double</attrtype><attwidth Sync="TRUE">8</attwidth><atprecis Sync="TRUE">0</atprecis><attscale Sync="TRUE">0</attscale></attr><attr><attrlabl>s050_ft</attrlabl><attrdef>2% flood event Still Water Elevation in feet NAVD88.</attrdef><attrdefs>Producer defined</attrdefs><attrdomv><rdom><rdommin>4.9</rdommin><rdommax>4.9</rdommax></rdom></attrdomv><attalias Sync="TRUE">50yr SWEL (ft)</attalias><attrtype Sync="TRUE">Double</attrtype><attwidth Sync="TRUE">8</attwidth><atprecis Sync="TRUE">0</atprecis><attscale Sync="TRUE">0</attscale></attr><attr><attrlabl>s100_ft</attrlabl><attrdef>1% flood event Wave Crest Water Elevation in feet NAVD88.</attrdef><attrdefs>Producer defined</attrdefs><attrdomv><rdom><rdommin>6.72</rdommin><rdommax>8.04</rdommax><attrunit>feet</attrunit></rdom></attrdomv><attalias Sync="TRUE">100yr SWEL (ft)</attalias><attrtype Sync="TRUE">Double</attrtype><attwidth Sync="TRUE">8</attwidth><atprecis Sync="TRUE">0</atprecis><attscale Sync="TRUE">0</attscale></attr><attr><attrlabl>s500_ft</attrlabl><attrdef>0.2% flood event Still Water Elevation in feet NAVD88.</attrdef><attrdefs>Producer defined</attrdefs><attrdomv><rdom><rdommin>7.2</rdommin><rdommax>7.2</rdommax><attrunit>feet</attrunit></rdom></attrdomv><attalias Sync="TRUE">500yr SWEL (ft)</attalias><attrtype Sync="TRUE">Double</attrtype><attwidth Sync="TRUE">8</attwidth><atprecis Sync="TRUE">0</atprecis><attscale Sync="TRUE">0</attscale></attr><attr><attrlabl>SHAPE_Length</attrlabl><attrdef>Length of digitized structure in linear feet.</attrdef><attrdefs>Producer defined</attrdefs><attrdomv><rdom><rdommin>20.376868592197</rdommin><rdommax>679.404913965326</rdommax><attrunit>feet</attrunit></rdom><udom Sync="TRUE">Positive real numbers that are automatically generated.</udom></attrdomv><attalias Sync="TRUE">SHAPE_Length</attalias><attrtype Sync="TRUE">Double</attrtype><attwidth Sync="TRUE">8</attwidth><atprecis Sync="TRUE">0</atprecis><attscale Sync="TRUE">0</attscale></attr><attr><attrlabl>Notes</attrlabl><attrdef>User notes about the structure</attrdef><attrdefs>Producer defined</attrdefs><attrdomv><udom>free text notes</udom></attrdomv><attalias Sync="TRUE">Notes</attalias><attrtype Sync="TRUE">String</attrtype><attwidth Sync="TRUE">30</attwidth><atprecis Sync="TRUE">0</atprecis><attscale Sync="TRUE">0</attscale></attr></detailed><overview><eaover>The entity and attribute information provided here describes the tabular data associated with the data set. Please review the detailed descriptions that are provided (the individual attribute descriptions) for information on the values that appear as fields/table entries of the data set.</eaover><eadetcit>The entity and attribute information was generated by the individual and/or agency identified as the originator of the data set. Please review the rest of the metadata record for additional details and information.</eadetcit></overview></eainfo><metainfo><metd>20160831</metd><metc><cntinfo><cntperp><cntper>Joel Plummer</cntper><cntorg>Dewberry</cntorg></cntperp><cntpos>Geospatial Analyst</cntpos><cntaddr><addrtype>Mailing and Physical</addrtype><address>4805 Lake Brook Dr.</address><address>Suite 200</address><city>Glen Allen</city><state>VA</state><postal>23060</postal></cntaddr><cntvoice>703-698-9058</cntvoice></cntinfo></metc><metstdn>FGDC Content Standard for Digital Geospatial Metadata</metstdn><metstdv>FGDC-STD-001-1998</metstdv><mettc>local time</mettc></metainfo><dataIdInfo><envirDesc Sync="TRUE">Microsoft Windows 7 Version 6.1 (Build 7601) Service Pack 1; Esri ArcGIS 10.4.1.5686</envirDesc><dataLang><languageCode value="eng" Sync="TRUE"></languageCode><countryCode value="USA" Sync="TRUE"></countryCode></dataLang><idCitation><resTitle Sync="TRUE">structures</resTitle><presForm><PresFormCd value="005" Sync="TRUE"></PresFormCd></presForm></idCitation><spatRpType><SpatRepTypCd value="001" Sync="TRUE"></SpatRepTypCd></spatRpType><dataExt><geoEle><GeoBndBox esriExtentType="search"><exTypeCode Sync="TRUE">1</exTypeCode><westBL Sync="TRUE">-72.169175</westBL><eastBL Sync="TRUE">-72.135575</eastBL><northBL Sync="TRUE">41.053873</northBL><southBL Sync="TRUE">41.024993</southBL></GeoBndBox></geoEle></dataExt></dataIdInfo><mdLang><languageCode value="eng" Sync="TRUE"></languageCode><countryCode value="USA" Sync="TRUE"></countryCode></mdLang><Esri><DataProperties><itemProps><itemName Sync="TRUE">structures</itemName><imsContentType Sync="TRUE">002</imsContentType><nativeExtBox><westBL Sync="TRUE">1489387.160315</westBL><eastBL Sync="TRUE">1498440.307891</eastBL><southBL Sync="TRUE">318182.975888</southBL><northBL Sync="TRUE">328516.909616</northBL><exTypeCode Sync="TRUE">1</exTypeCode></nativeExtBox><itemLocation><linkage Sync="TRUE">file://\\surly\Projects\CCSI\TECH\NYSERDA\CoastalResiliencyEH\TECH\DATA\database_design\pilot_database2.gdb</linkage><protocol Sync="TRUE">Local Area Network</protocol></itemLocation></itemProps><coordRef><type Sync="TRUE">Projected</type><geogcsn Sync="TRUE">GCS_North_American_1983</geogcsn><csUnits Sync="TRUE">Linear Unit: Foot_US (0.304801)</csUnits><projcsn Sync="TRUE">NAD_1983_StatePlane_New_York_Long_Island_FIPS_3104_Feet</projcsn><peXml Sync="TRUE">&lt;ProjectedCoordinateSystem xsi:type='typens:ProjectedCoordinateSystem' xmlns:xsi='http://www.w3.org/2001/XMLSchema-instance' xmlns:xs='http://www.w3.org/2001/XMLSchema' xmlns:typens='http://www.esri.com/schemas/ArcGIS/10.4'&gt;&lt;WKT&gt;PROJCS[&amp;quot;NAD_1983_StatePlane_New_York_Long_Island_FIPS_3104_Feet&amp;quot;,GEOGCS[&amp;quot;GCS_North_American_1983&amp;quot;,DATUM[&amp;quot;D_North_American_1983&amp;quot;,SPHEROID[&amp;quot;GRS_1980&amp;quot;,6378137.0,298.257222101]],PRIMEM[&amp;quot;Greenwich&amp;quot;,0.0],UNIT[&amp;quot;Degree&amp;quot;,0.0174532925199433]],PROJECTION[&amp;quot;Lambert_Conformal_Conic&amp;quot;],PARAMETER[&amp;quot;False_Easting&amp;quot;,984250.0],PARAMETER[&amp;quot;False_Northing&amp;quot;,0.0],PARAMETER[&amp;quot;Central_Meridian&amp;quot;,-74.0],PARAMETER[&amp;quot;Standard_Parallel_1&amp;quot;,40.66666666666666],PARAMETER[&amp;quot;Standard_Parallel_2&amp;quot;,41.03333333333333],PARAMETER[&amp;quot;Latitude_Of_Origin&amp;quot;,40.16666666666666],UNIT[&amp;quot;Foot_US&amp;quot;,0.3048006096012192],AUTHORITY[&amp;quot;EPSG&amp;quot;,2263]]&lt;/WKT&gt;&lt;XOrigin&gt;-120039300&lt;/XOrigin&gt;&lt;YOrigin&gt;-96540300&lt;/YOrigin&gt;&lt;XYScale&gt;3048.0060960121928&lt;/XYScale&gt;&lt;ZOrigin&gt;-100000&lt;/ZOrigin&gt;&lt;ZScale&gt;10000&lt;/ZScale&gt;&lt;MOrigin&gt;-100000&lt;/MOrigin&gt;&lt;MScale&gt;10000&lt;/MScale&gt;&lt;XYTolerance&gt;0.0032808333333333331&lt;/XYTolerance&gt;&lt;ZTolerance&gt;0.001&lt;/ZTolerance&gt;&lt;MTolerance&gt;0.001&lt;/MTolerance&gt;&lt;HighPrecision&gt;true&lt;/HighPrecision&gt;&lt;WKID&gt;102718&lt;/WKID&gt;&lt;LatestWKID&gt;2263&lt;/LatestWKID&gt;&lt;/ProjectedCoordinateSystem&gt;</peXml></coordRef></DataProperties><SyncDate>20160902</SyncDate><SyncTime>16004800</SyncTime><ModDate>20160902</ModDate><ModTime>16004800</ModTime><CreaDate>20160930</CreaDate><CreaTime>11270000</CreaTime><ArcGISFormat>1.0</ArcGISFormat><SyncOnce>TRUE</SyncOnce></Esri><distInfo><distFormat><formatName Sync="TRUE">File Geodatabase Feature Class</formatName></distFormat></distInfo><mdHrLv><ScopeCd value="005" Sync="TRUE"></ScopeCd></mdHrLv><mdHrLvName Sync="TRUE">dataset</mdHrLvName><refSysInfo><RefSystem><refSysID><identCode code="2263" Sync="TRUE"></identCode><idCodeSpace Sync="TRUE">EPSG</idCodeSpace><idVersion Sync="TRUE">5.3(9.0.0)</idVersion></refSysID></RefSystem></refSysInfo><spatRepInfo><VectSpatRep><geometObjs Name="structures"><geoObjTyp><GeoObjTypCd value="002" Sync="TRUE"></GeoObjTypCd></geoObjTyp><geoObjCnt Sync="TRUE">100</geoObjCnt></geometObjs><topLvl><TopoLevCd value="001" Sync="TRUE"></TopoLevCd></topLvl></VectSpatRep></spatRepInfo><mdDateSt Sync="TRUE">20160902</mdDateSt></metadata>
