<?xml version="1.0" encoding="UTF-8"?>
<metadata xml:lang="en"><mdLang><languageCode value="eng"/><countryCode value="USA"/></mdLang><mdChar><CharSetCd value="004"/></mdChar><mdHrLv><ScopeCd value="005"/></mdHrLv><mdContact><rpIndName>Frank Winters</rpIndName><rpOrgName>NYS GIS Program Office</rpOrgName><role><RoleCd value="007"/></role></mdContact><mdDateSt>20140213</mdDateSt><mdStanName>ArcGIS Metadata</mdStanName><mdStanVer>1.0</mdStanVer><dataIdInfo><idCitation><resTitle>Village</resTitle><presForm><PresFormCd value="005"/></presForm><presForm><fgdcGeoform>vector digital data</fgdcGeoform></presForm></idCitation><idAbs>A vector file of village boundaries in New York State.</idAbs><idPurp>A boundary related layer suitable for use in a GIS.</idPurp><idCredit>NYS GIS Program Office</idCredit><idStatus><ProgCd value="001"/></idStatus><idPoC><rpIndName>Frank Winters</rpIndName><rpOrgName>NYS GIS Program Office</rpOrgName><role><RoleCd value="007"/></role></idPoC><resMaint><maintFreq><MaintFreqCd value="009"/></maintFreq></resMaint><resConst><Consts><useLimit>The NYS GIS Program Office makes no claims to the accuracy of the information in this file.</useLimit></Consts></resConst><spatRpType><SpatRepTypCd value="001"/></spatRpType><dataLang><languageCode value="eng"/><countryCode value="USA"/></dataLang><envirDesc>Microsoft Windows 7 Version 6.1 (Build 7601) Service Pack 1; Esri ArcGIS 10.1.1.3143</envirDesc><dataExt><geoEle><GeoBndBox><westBL>-79.81899</westBL><eastBL>-71.963905</eastBL><southBL>40.503801</southBL><northBL>45.022446</northBL></GeoBndBox></geoEle></dataExt><dataExt><exDesc>New York State</exDesc><tempEle><TempExtent><exTemp/></TempExtent></tempEle><geoEle/></dataExt><dataExt><geoEle><GeoBndBox esriExtentType="search"><exTypeCode>1</exTypeCode><westBL>-79.818990</westBL><eastBL>-71.963905</eastBL><northBL>45.022446</northBL><southBL>40.503801</southBL></GeoBndBox></geoEle></dataExt></dataIdInfo><spatRepInfo><VectSpatRep><geometObjs><geoObjTyp><GeoObjTypCd value="002"/></geoObjTyp><geoObjCnt>32</geoObjCnt></geometObjs><topLvl><TopoLevCd value="001"/></topLvl></VectSpatRep></spatRepInfo><eainfo><detailed><enttyp><enttypl>Village</enttypl></enttyp><attr><attrlabl>OBJECTID</attrlabl><attrdef>Internal feature number.</attrdef><attrdefs>Esri</attrdefs><attrdomv><udom>Sequential unique whole numbers that are automatically generated.</udom></attrdomv></attr><attr><attrlabl>POP2000</attrlabl><attrdef>Population total from 2000 Census</attrdef><attrdefs>NYS GIS Program Office</attrdefs></attr><attr><attrlabl>GNIS_ID</attrlabl><attrdef>Geographic Names unique identifier</attrdef><attrdefs>US Census</attrdefs></attr><attr><attrlabl>NAME</attrlabl><attrdef>Village name</attrdef><attrdefs>NYS GIS Program Office</attrdefs></attr><attr><attrlabl>DATEMOD</attrlabl><attrdef>Date of feature modification</attrdef><attrdefs>NYS GIS Program Office</attrdefs></attr><attr><attrlabl>DOS_LL</attrlabl><attrdef>NYS Dept of State Local Law</attrdef><attrdefs>NYS GIS Program Office</attrdefs></attr><attr><attrlabl>GEOCODE</attrlabl></attr><attr><attrlabl>FILLTINT</attrlabl></attr><attr><attrlabl>FID_1</attrlabl></attr><attr><attrlabl>DOS_LL_DAT</attrlabl></attr><attr><attrlabl>POP1990</attrlabl><attrdef>Population total from 1990 Census</attrdef><attrdefs>NYS GIS Program Office</attrdefs></attr><attr><attrlabl>SHAPE</attrlabl><attrdef>Feature geometry.</attrdef><attrdefs>Esri</attrdefs><attrdomv><udom>Coordinates defining the features.</udom></attrdomv></attr><attr><attrlabl>Shape_Leng</attrlabl></attr><attr><attrlabl>SHAPE_Length</attrlabl><attrdef>Length of feature in internal units.</attrdef><attrdefs>Esri</attrdefs><attrdomv><udom>Positive real numbers that are automatically generated.</udom></attrdomv></attr><attr><attrlabl>SHAPE_Area</attrlabl><attrdef>Area of feature in internal units squared.</attrdef><attrdefs>Esri</attrdefs><attrdomv><udom>Positive real numbers that are automatically generated.</udom></attrdomv></attr></detailed></eainfo><distInfo><distFormat><formatName>File Geodatabase Feature Class</formatName></distFormat></distInfo><mdHrLvName>dataset</mdHrLvName><refSysInfo><RefSystem><refSysID><identCode code="26918"/><idCodeSpace>EPSG</idCodeSpace><idVersion>7.11.2</idVersion></refSysID></RefSystem></refSysInfo><spdoinfo><ptvctinf/></spdoinfo><Esri><CreaDate>20160930</CreaDate><CreaTime>11300500</CreaTime><ArcGISFormat>1.0</ArcGISFormat><SyncOnce>TRUE</SyncOnce></Esri></metadata>
